record_id,source_row,title,author,user_rating,reviews,price,year,genre,is_zero_price,is_price_outlier,is_review_outlier,is_rating_outlier,is_title_year_duplicate,is_truncated_text,rating_band,price_band,engagement_segment,review_log10,years_on_list,first_year,last_year
1,1,10-Day Green Smoothie Cleanse,JJ Smith,4.7,17350,8,2016,Non Fiction,False,False,False,False,False,False,Strong (4.5–4.7),Budget ($1–10),Stars,4.239299479126893,1,2016,2016
2,2,11/22/63: A Novel,Stephen King,4.6,2052,22,2011,Fiction,False,False,False,False,False,False,Strong (4.5–4.7),Premium ($21+),Developing,3.3121773564397787,1,2011,2011
3,3,12 Rules for Life: An Antidote to Chaos,Jordan B. Peterson,4.7,18979,15,2018,Non Fiction,False,False,False,False,False,False,Strong (4.5–4.7),Mid-range ($11–20),Stars,4.2782733257981675,1,2018,2018
4,4,1984 (Signet Classics),George Orwell,4.7,21424,6,2017,Fiction,False,False,False,False,False,False,Strong (4.5–4.7),Budget ($1–10),Stars,4.330900559667934,1,2017,2017
5,5,"5,000 Awesome Facts (About Everything!) (National Geographic Kids)",National Geographic Kids,4.8,7665,12,2019,Non Fiction,False,False,False,False,False,False,Exceptional (4.8+),Mid-range ($11–20),Loved niche,3.884512159190394,1,2019,2019
6,6,A Dance with Dragons (A Song of Ice and Fire),George R.R. Martin,4.4,12643,11,2011,Fiction,False,False,False,False,False,False,Solid (4.0–4.4),Mid-range ($11–20),Popular but polarizing,4.101850137938126,1,2011,2011
7,7,A Game of Thrones / A Clash of Kings / A Storm of Swords / A Feast of Crows / A Dance with Dragons,George R.R. Martin,4.7,19735,30,2014,Fiction,False,True,False,False,False,False,Strong (4.5–4.7),Premium ($21+),Stars,4.295237130731534,1,2014,2014
8,8,A Gentleman in Moscow: A Novel,Amor Towles,4.7,19699,15,2017,Fiction,False,False,False,False,False,False,Strong (4.5–4.7),Mid-range ($11–20),Stars,4.294444180196873,1,2017,2017
9,9,"A Higher Loyalty: Truth, Lies, and Leadership",James Comey,4.7,5983,3,2018,Non Fiction,False,False,False,False,False,False,Strong (4.5–4.7),Budget ($1–10),Loved niche,3.7769190028420465,1,2018,2018
10,10,A Man Called Ove: A Novel,Fredrik Backman,4.6,23848,8,2016,Fiction,False,False,False,False,False,False,Strong (4.5–4.7),Budget ($1–10),Popular but polarizing,4.3774519630245745,2,2016,2017
11,11,A Man Called Ove: A Novel,Fredrik Backman,4.6,23848,8,2017,Fiction,False,False,False,False,False,False,Strong (4.5–4.7),Budget ($1–10),Popular but polarizing,4.3774519630245745,2,2016,2017
12,12,A Patriot's History of the United States: From Columbus's Great Discovery to the War on Terror,Larry Schweikart,4.6,460,2,2010,Non Fiction,False,False,False,False,False,False,Strong (4.5–4.7),Budget ($1–10),Developing,2.662757831681574,1,2010,2010
13,13,A Stolen Life: A Memoir,Jaycee Dugard,4.6,4149,32,2011,Non Fiction,False,True,False,False,False,False,Strong (4.5–4.7),Premium ($21+),Developing,3.617943434828973,1,2011,2011
14,14,A Wrinkle in Time (Time Quintet),Madeleine L'Engle,4.5,5153,5,2018,Fiction,False,False,False,False,False,False,Strong (4.5–4.7),Budget ($1–10),Developing,3.7120601424610746,1,2018,2018
15,15,"Act Like a Lady, Think Like a Man: What Men Really Think About Love, Relationships, Intimacy, and Commitment",Steve Harvey,4.6,5013,17,2009,Non Fiction,False,False,False,False,False,False,Strong (4.5–4.7),Mid-range ($11–20),Developing,3.7000977046130537,1,2009,2009
16,16,"Adult Coloring Book Designs: Stress Relief Coloring Book: Garden Designs, Mandalas, Animals, and Paisley Patterns",Adult Coloring Book Designs,4.5,2313,4,2016,Non Fiction,False,False,False,False,False,False,Strong (4.5–4.7),Budget ($1–10),Developing,3.3641756327706194,1,2016,2016
17,17,Adult Coloring Book: Stress Relieving Animal Designs,Blue Star Coloring,4.6,2925,6,2015,Non Fiction,False,False,False,False,False,False,Strong (4.5–4.7),Budget ($1–10),Developing,3.466125870418199,1,2015,2015
18,18,Adult Coloring Book: Stress Relieving Patterns,Blue Star Coloring,4.4,2951,6,2015,Non Fiction,False,False,False,False,False,False,Solid (4.0–4.4),Budget ($1–10),Developing,3.4699692094999595,1,2015,2015
19,19,"Adult Coloring Books: A Coloring Book for Adults Featuring Mandalas and Henna Inspired Flowers, Animals, and Paisley…",Coloring Books for Adults,4.5,2426,8,2015,Non Fiction,False,False,False,False,False,True,Strong (4.5–4.7),Budget ($1–10),Developing,3.3848907965305544,1,2015,2015
20,20,Alexander Hamilton,Ron Chernow,4.8,9198,13,2016,Non Fiction,False,False,False,False,False,False,Exceptional (4.8+),Mid-range ($11–20),Stars,3.963693405238019,1,2016,2016
21,21,All the Light We Cannot See,Anthony Doerr,4.6,36348,14,2014,Fiction,False,False,False,False,False,False,Strong (4.5–4.7),Mid-range ($11–20),Popular but polarizing,4.560480519380481,2,2014,2015
22,22,All the Light We Cannot See,Anthony Doerr,4.6,36348,14,2015,Fiction,False,False,False,False,False,False,Strong (4.5–4.7),Mid-range ($11–20),Popular but polarizing,4.560480519380481,2,2014,2015
23,23,Allegiant,Veronica Roth,3.9,6310,13,2013,Fiction,False,False,False,True,False,False,Below 4.0,Mid-range ($11–20),Developing,3.8000293592441343,1,2013,2013
24,24,American Sniper: The Autobiography of the Most Lethal Sniper in U.S. Military History,Chris Kyle,4.6,15921,9,2015,Non Fiction,False,False,False,False,False,False,Strong (4.5–4.7),Budget ($1–10),Popular but polarizing,4.201970342349048,1,2015,2015
25,25,And the Mountains Echoed,Khaled Hosseini,4.3,12159,13,2013,Fiction,False,False,False,False,False,False,Solid (4.0–4.4),Mid-range ($11–20),Popular but polarizing,4.084897858461355,1,2013,2013
26,26,Arguing with Idiots: How to Stop Small Minds and Big Government,Glenn Beck,4.6,798,5,2009,Non Fiction,False,False,False,False,False,False,Strong (4.5–4.7),Budget ($1–10),Developing,2.9020028913507296,1,2009,2009
27,27,Astrophysics for People in a Hurry,Neil deGrasse Tyson,4.7,9374,9,2017,Non Fiction,False,False,False,False,False,False,Strong (4.5–4.7),Budget ($1–10),Stars,3.9719249491841913,1,2017,2017
28,28,"Autobiography of Mark Twain, Vol. 1",Mark Twain,4.2,491,14,2010,Non Fiction,False,False,False,False,False,False,Solid (4.0–4.4),Mid-range ($11–20),Developing,2.6910814921229687,1,2010,2010
29,29,Baby Touch and Feel: Animals,DK,4.6,5360,5,2015,Non Fiction,False,False,False,False,False,False,Strong (4.5–4.7),Budget ($1–10),Developing,3.72916478969277,1,2015,2015
30,30,Balance (Angie's Extreme Stress Menders),Angie Grace,4.6,1909,11,2015,Non Fiction,False,False,False,False,False,False,Strong (4.5–4.7),Mid-range ($11–20),Developing,3.280805928393667,1,2015,2015
31,31,Barefoot Contessa Foolproof: Recipes You Can Trust: A Cookbook,Ina Garten,4.8,1296,24,2012,Non Fiction,False,False,False,False,False,False,Exceptional (4.8+),Premium ($21+),Loved niche,3.1126050015345745,1,2012,2012
32,32,"Barefoot Contessa, How Easy Is That?: Fabulous Recipes & Easy Tips",Ina Garten,4.7,615,21,2010,Non Fiction,False,False,False,False,False,False,Strong (4.5–4.7),Premium ($21+),Loved niche,2.788875115775417,1,2010,2010
33,33,Becoming,Michelle Obama,4.8,61133,11,2018,Non Fiction,False,False,True,False,False,False,Exceptional (4.8+),Mid-range ($11–20),Stars,4.786275708589989,2,2018,2019
34,34,Becoming,Michelle Obama,4.8,61133,11,2019,Non Fiction,False,False,True,False,False,False,Exceptional (4.8+),Mid-range ($11–20),Stars,4.786275708589989,2,2018,2019
35,35,Being Mortal: Medicine and What Matters in the End,Atul Gawande,4.8,11113,15,2015,Non Fiction,False,False,False,False,False,False,Exceptional (4.8+),Mid-range ($11–20),Stars,4.045831314347755,1,2015,2015
36,36,Between the World and Me,Ta-Nehisi Coates,4.7,10070,13,2015,Non Fiction,False,False,False,False,False,False,Strong (4.5–4.7),Mid-range ($11–20),Stars,4.003029470553618,2,2015,2016
37,37,Between the World and Me,Ta-Nehisi Coates,4.7,10070,13,2016,Non Fiction,False,False,False,False,False,False,Strong (4.5–4.7),Mid-range ($11–20),Stars,4.003029470553618,2,2015,2016
38,38,Born to Run,Bruce Springsteen,4.7,3729,18,2016,Non Fiction,False,False,False,False,False,False,Strong (4.5–4.7),Mid-range ($11–20),Loved niche,3.571592383361307,1,2016,2016
39,39,"Breaking Dawn (The Twilight Saga, Book 4)",Stephenie Meyer,4.6,9769,13,2009,Fiction,False,False,False,False,False,False,Strong (4.5–4.7),Mid-range ($11–20),Popular but polarizing,3.9898501096031804,1,2009,2009
40,40,"Broke: The Plan to Restore Our Trust, Truth and Treasure",Glenn Beck,4.5,471,8,2010,Non Fiction,False,False,False,False,False,False,Strong (4.5–4.7),Budget ($1–10),Developing,2.673020907128896,1,2010,2010
41,41,"Brown Bear, Brown Bear, What Do You See?",Bill Martin Jr.,4.9,14344,5,2017,Fiction,False,False,False,False,False,False,Exceptional (4.8+),Budget ($1–10),Stars,4.156670276554126,2,2017,2019
42,42,"Brown Bear, Brown Bear, What Do You See?",Bill Martin Jr.,4.9,14344,5,2019,Fiction,False,False,False,False,False,False,Exceptional (4.8+),Budget ($1–10),Stars,4.156670276554126,2,2017,2019
43,43,"Cabin Fever (Diary of a Wimpy Kid, Book 6)",Jeff Kinney,4.8,4505,0,2011,Fiction,True,False,False,False,False,False,Exceptional (4.8+),Zero / verify,Loved niche,3.6536947953150816,1,2011,2011
44,44,Calm the F*ck Down: An Irreverent Adult Coloring Book (Irreverent Book Series),Sasha O'Hara,4.6,10369,4,2016,Non Fiction,False,False,False,False,False,False,Strong (4.5–4.7),Budget ($1–10),Popular but polarizing,4.01573687447745,1,2016,2016
45,45,Can't Hurt Me: Master Your Mind and Defy the Odds,David Goggins,4.8,16244,18,2019,Non Fiction,False,False,False,False,False,False,Exceptional (4.8+),Mid-range ($11–20),Stars,4.210692980817999,1,2019,2019
46,46,Capital in the Twenty First Century,Thomas Piketty,4.5,2884,28,2014,Non Fiction,False,False,False,False,False,False,Strong (4.5–4.7),Premium ($21+),Developing,3.4599952560473914,1,2014,2014
47,47,Catching Fire (The Hunger Games),Suzanne Collins,4.7,22614,11,2010,Fiction,False,False,False,False,False,False,Strong (4.5–4.7),Mid-range ($11–20),Stars,4.354377387833249,3,2010,2012
48,48,Catching Fire (The Hunger Games),Suzanne Collins,4.7,22614,11,2011,Fiction,False,False,False,False,False,False,Strong (4.5–4.7),Mid-range ($11–20),Stars,4.354377387833249,3,2010,2012
49,49,Catching Fire (The Hunger Games),Suzanne Collins,4.7,22614,11,2012,Fiction,False,False,False,False,False,False,Strong (4.5–4.7),Mid-range ($11–20),Stars,4.354377387833249,3,2010,2012
50,50,Cravings: Recipes for All the Food You Want to Eat: A Cookbook,Chrissy Teigen,4.7,4761,16,2016,Non Fiction,False,False,False,False,False,False,Strong (4.5–4.7),Mid-range ($11–20),Loved niche,3.6776981814745104,1,2016,2016
51,51,Crazy Love: Overwhelmed by a Relentless God,Francis Chan,4.7,1542,14,2009,Non Fiction,False,False,False,False,False,False,Strong (4.5–4.7),Mid-range ($11–20),Loved niche,3.188084373714938,3,2009,2011
52,52,Crazy Love: Overwhelmed by a Relentless God,Francis Chan,4.7,1542,14,2010,Non Fiction,False,False,False,False,False,False,Strong (4.5–4.7),Mid-range ($11–20),Loved niche,3.188084373714938,3,2009,2011
53,53,Crazy Love: Overwhelmed by a Relentless God,Francis Chan,4.7,1542,14,2011,Non Fiction,False,False,False,False,False,False,Strong (4.5–4.7),Mid-range ($11–20),Loved niche,3.188084373714938,3,2009,2011
54,54,Crazy Rich Asians (Crazy Rich Asians Trilogy),Kevin Kwan,4.3,6143,8,2018,Fiction,False,False,False,False,False,False,Solid (4.0–4.4),Budget ($1–10),Developing,3.788380515319563,1,2018,2018
55,55,Creative Haven Creative Cats Coloring Book (Adult Coloring),Marjorie Sarnat,4.8,4022,4,2015,Non Fiction,False,False,False,False,False,False,Exceptional (4.8+),Budget ($1–10),Loved niche,3.6044420662607233,1,2015,2015
56,56,Creative Haven Owls Coloring Book (Adult Coloring),Marjorie Sarnat,4.8,3871,5,2015,Non Fiction,False,False,False,False,False,False,Exceptional (4.8+),Budget ($1–10),Loved niche,3.5878231713189552,1,2015,2015
57,57,Cutting for Stone,Abraham Verghese,4.6,4866,11,2010,Fiction,False,False,False,False,False,False,Strong (4.5–4.7),Mid-range ($11–20),Developing,3.6871721045948,2,2010,2011
58,58,Cutting for Stone,Abraham Verghese,4.6,4866,11,2011,Fiction,False,False,False,False,False,False,Strong (4.5–4.7),Mid-range ($11–20),Developing,3.6871721045948,2,2010,2011
59,59,"Daring Greatly: How the Courage to Be Vulnerable Transforms the Way We Live, Love, Parent, and Lead",Brené Brown,4.8,1329,10,2013,Non Fiction,False,False,False,False,False,False,Exceptional (4.8+),Budget ($1–10),Loved niche,3.123524980942732,1,2013,2013
60,60,"David and Goliath: Underdogs, Misfits, and the Art of Battling Giants",Malcolm Gladwell,4.4,4642,13,2013,Non Fiction,False,False,False,False,False,False,Solid (4.0–4.4),Mid-range ($11–20),Developing,3.666705136119899,1,2013,2013
61,61,Dead And Gone: A Sookie Stackhouse Novel (Sookie Stackhouse/True Blood),Charlaine Harris,4.6,1541,4,2009,Fiction,False,False,False,False,False,False,Strong (4.5–4.7),Budget ($1–10),Developing,3.1878026387184195,1,2009,2009
62,62,"Dead in the Family (Sookie Stackhouse/True Blood, Book 10)",Charlaine Harris,4.3,1924,8,2010,Fiction,False,False,False,False,False,False,Solid (4.0–4.4),Budget ($1–10),Developing,3.284205067701794,1,2010,2010
63,63,"Dead Reckoning (Sookie Stackhouse/True Blood, Book 11)",Charlaine Harris,4.2,2094,4,2011,Fiction,False,False,False,False,False,False,Solid (4.0–4.4),Budget ($1–10),Developing,3.3209766773428235,1,2011,2011
64,64,Dear Zoo: A Lift-the-Flap Book,Rod Campbell,4.8,10922,5,2015,Fiction,False,False,False,False,False,False,Exceptional (4.8+),Budget ($1–10),Stars,4.038302172199525,4,2015,2018
65,65,Dear Zoo: A Lift-the-Flap Book,Rod Campbell,4.8,10922,5,2016,Fiction,False,False,False,False,False,False,Exceptional (4.8+),Budget ($1–10),Stars,4.038302172199525,4,2015,2018
66,66,Dear Zoo: A Lift-the-Flap Book,Rod Campbell,4.8,10922,5,2017,Fiction,False,False,False,False,False,False,Exceptional (4.8+),Budget ($1–10),Stars,4.038302172199525,4,2015,2018
67,67,Dear Zoo: A Lift-the-Flap Book,Rod Campbell,4.8,10922,5,2018,Fiction,False,False,False,False,False,False,Exceptional (4.8+),Budget ($1–10),Stars,4.038302172199525,4,2015,2018
68,68,Decision Points,George W. Bush,4.6,2137,17,2010,Non Fiction,False,False,False,False,False,False,Strong (4.5–4.7),Mid-range ($11–20),Developing,3.3298045221640695,1,2010,2010
69,69,"Delivering Happiness: A Path to Profits, Passion, and Purpose",Tony Hsieh,4.6,1651,15,2010,Non Fiction,False,False,False,False,False,False,Strong (4.5–4.7),Mid-range ($11–20),Developing,3.2177470732627937,1,2010,2010
70,70,"Diagnostic and Statistical Manual of Mental Disorders, 5th Edition: DSM-5",American Psychiatric Association,4.5,6679,105,2013,Non Fiction,False,True,False,False,False,False,Strong (4.5–4.7),Premium ($21+),Developing,3.8247114434647345,2,2013,2014
71,71,"Diagnostic and Statistical Manual of Mental Disorders, 5th Edition: DSM-5",American Psychiatric Association,4.5,6679,105,2014,Non Fiction,False,True,False,False,False,False,Strong (4.5–4.7),Premium ($21+),Developing,3.8247114434647345,2,2013,2014
72,72,"Diary of a Wimpy Kid: Hard Luck, Book 8",Jeff Kinney,4.8,6812,0,2013,Fiction,True,False,False,False,False,False,Exceptional (4.8+),Zero / verify,Loved niche,3.8332746392905634,1,2013,2013
73,73,Diary of a Wimpy Kid: The Last Straw (Book 3),Jeff Kinney,4.8,3837,15,2009,Fiction,False,False,False,False,False,False,Exceptional (4.8+),Mid-range ($11–20),Loved niche,3.5839917991983166,1,2009,2009
74,74,Diary of a Wimpy Kid: The Long Haul,Jeff Kinney,4.8,6540,22,2014,Fiction,False,False,False,False,False,False,Exceptional (4.8+),Premium ($21+),Loved niche,3.815577748324267,1,2014,2014
75,75,Difficult Riddles For Smart Kids: 300 Difficult Riddles And Brain Teasers Families Will Love (Books for Smart Kids),M Prefontaine,4.6,7955,5,2019,Non Fiction,False,False,False,False,False,False,Strong (4.5–4.7),Budget ($1–10),Developing,3.9006401839826004,1,2019,2019
76,76,Divergent,Veronica Roth,4.6,27098,15,2013,Fiction,False,False,False,False,False,False,Strong (4.5–4.7),Mid-range ($11–20),Popular but polarizing,4.432937238438368,2,2013,2014
77,77,Divergent,Veronica Roth,4.6,27098,15,2014,Fiction,False,False,False,False,False,False,Strong (4.5–4.7),Mid-range ($11–20),Popular but polarizing,4.432937238438368,2,2013,2014
78,78,Divergent / Insurgent,Veronica Roth,4.5,17684,6,2014,Fiction,False,False,False,False,False,False,Strong (4.5–4.7),Budget ($1–10),Popular but polarizing,4.247580506233836,1,2014,2014
79,79,"Divine Soul Mind Body Healing and Transmission System: The Divine Way to Heal You, Humanity, Mother Earth, and All…",Zhi Gang Sha,4.6,37,6,2009,Non Fiction,False,False,False,False,False,True,Strong (4.5–4.7),Budget ($1–10),Developing,1.568201724066995,1,2009,2009
80,80,Doctor Sleep: A Novel,Stephen King,4.7,15845,13,2013,Fiction,False,False,False,False,False,False,Strong (4.5–4.7),Mid-range ($11–20),Stars,4.199892243526319,1,2013,2013
81,81,"Dog Days (Diary of a Wimpy Kid, Book 4) (Volume 4)",Jeff Kinney,4.8,3181,12,2009,Fiction,False,False,False,False,False,False,Exceptional (4.8+),Mid-range ($11–20),Loved niche,3.502563669107363,1,2009,2009
82,82,Dog Man and Cat Kid: From the Creator of Captain Underpants (Dog Man #4),Dav Pilkey,4.9,5062,6,2018,Fiction,False,False,False,False,False,False,Exceptional (4.8+),Budget ($1–10),Loved niche,3.7043221408222355,1,2018,2018
83,83,Dog Man: A Tale of Two Kitties: From the Creator of Captain Underpants (Dog Man #3),Dav Pilkey,4.9,4786,8,2017,Fiction,False,False,False,False,False,False,Exceptional (4.8+),Budget ($1–10),Loved niche,3.6799726942774185,1,2017,2017
84,84,Dog Man: Brawl of the Wild: From the Creator of Captain Underpants (Dog Man #6),Dav Pilkey,4.9,7235,4,2018,Fiction,False,False,False,False,False,False,Exceptional (4.8+),Budget ($1–10),Loved niche,3.859438535455056,2,2018,2019
85,85,Dog Man: Brawl of the Wild: From the Creator of Captain Underpants (Dog Man #6),Dav Pilkey,4.9,7235,4,2019,Fiction,False,False,False,False,False,False,Exceptional (4.8+),Budget ($1–10),Loved niche,3.859438535455056,2,2018,2019
86,86,Dog Man: Fetch-22: From the Creator of Captain Underpants (Dog Man #8),Dav Pilkey,4.9,12619,8,2019,Fiction,False,False,False,False,False,False,Exceptional (4.8+),Budget ($1–10),Stars,4.101024940352695,1,2019,2019
87,87,Dog Man: For Whom the Ball Rolls: From the Creator of Captain Underpants (Dog Man #7),Dav Pilkey,4.9,9089,8,2019,Fiction,False,False,False,False,False,False,Exceptional (4.8+),Budget ($1–10),Stars,3.958516103423041,1,2019,2019
88,88,Dog Man: Lord of the Fleas: From the Creator of Captain Underpants (Dog Man #5),Dav Pilkey,4.9,5470,6,2018,Fiction,False,False,False,False,False,False,Exceptional (4.8+),Budget ($1–10),Loved niche,3.737987326333431,1,2018,2018
89,89,Double Down (Diary of a Wimpy Kid #11),Jeff Kinney,4.8,5118,20,2016,Fiction,False,False,False,False,False,False,Exceptional (4.8+),Mid-range ($11–20),Loved niche,3.7091002815511667,1,2016,2016
90,90,Dover Creative Haven Art Nouveau Animal Designs Coloring Book (Creative Haven Coloring Books),Marty Noble,4.6,2134,5,2015,Non Fiction,False,False,False,False,False,False,Strong (4.5–4.7),Budget ($1–10),Developing,3.329194415088451,1,2015,2015
91,91,Drive: The Surprising Truth About What Motivates Us,Daniel H. Pink,4.5,2525,16,2010,Non Fiction,False,False,False,False,False,False,Strong (4.5–4.7),Mid-range ($11–20),Developing,3.40226138245468,1,2010,2010
92,92,Eat This Not That! Supermarket Survival Guide: The No-Diet Weight Loss Solution,David Zinczenko,4.5,720,1,2009,Non Fiction,False,False,False,False,False,False,Strong (4.5–4.7),Budget ($1–10),Developing,2.8573324964312685,1,2009,2009
93,93,"Eat This, Not That! Thousands of Simple Food Swaps that Can Save You 10, 20, 30 Pounds--or More!",David Zinczenko,4.3,956,14,2009,Non Fiction,False,False,False,False,False,False,Solid (4.0–4.4),Mid-range ($11–20),Developing,2.9804578922761,1,2009,2009
94,94,"Eat to Live: The Amazing Nutrient-Rich Program for Fast and Sustained Weight Loss, Revised Edition",Joel Fuhrman MD,4.5,6346,9,2011,Non Fiction,False,False,False,False,False,False,Strong (4.5–4.7),Budget ($1–10),Developing,3.8025000677643934,2,2011,2012
95,95,"Eat to Live: The Amazing Nutrient-Rich Program for Fast and Sustained Weight Loss, Revised Edition",Joel Fuhrman MD,4.5,6346,9,2012,Non Fiction,False,False,False,False,False,False,Strong (4.5–4.7),Budget ($1–10),Developing,3.8025000677643934,2,2011,2012
96,96,Eclipse (Twilight Sagas),Stephenie Meyer,4.7,5505,7,2009,Fiction,False,False,False,False,False,False,Strong (4.5–4.7),Budget ($1–10),Loved niche,3.7407573233077707,1,2009,2009
97,97,Eclipse (Twilight),Stephenie Meyer,4.7,5505,18,2009,Fiction,False,False,False,False,False,False,Strong (4.5–4.7),Mid-range ($11–20),Loved niche,3.7407573233077707,1,2009,2009
98,98,Educated: A Memoir,Tara Westover,4.7,28729,15,2018,Non Fiction,False,False,False,False,False,False,Strong (4.5–4.7),Mid-range ($11–20),Stars,4.458320509318077,2,2018,2019
99,99,Educated: A Memoir,Tara Westover,4.7,28729,15,2019,Non Fiction,False,False,False,False,False,False,Strong (4.5–4.7),Mid-range ($11–20),Stars,4.458320509318077,2,2018,2019
100,100,"Enchanted Forest: An Inky Quest and Coloring book (Activity Books, Mindfulness and Meditation, Illustrated Floral Prints…",Johanna Basford,4.7,5413,9,2015,Non Fiction,False,False,False,False,False,True,Strong (4.5–4.7),Budget ($1–10),Loved niche,3.7334380270910614,1,2015,2015
101,101,Fahrenheit 451,Ray Bradbury,4.6,10721,8,2016,Fiction,False,False,False,False,False,False,Strong (4.5–4.7),Budget ($1–10),Popular but polarizing,4.030235296012244,2,2016,2018
102,102,Fahrenheit 451,Ray Bradbury,4.6,10721,8,2018,Fiction,False,False,False,False,False,False,Strong (4.5–4.7),Budget ($1–10),Popular but polarizing,4.030235296012244,2,2016,2018
103,103,Fantastic Beasts and Where to Find Them: The Original Screenplay (Harry Potter),J.K. Rowling,4.7,4370,15,2016,Fiction,False,False,False,False,False,False,Strong (4.5–4.7),Mid-range ($11–20),Loved niche,3.640481436970422,1,2016,2016
104,104,Fear: Trump in the White House,Bob Woodward,4.4,6042,2,2018,Non Fiction,False,False,False,False,False,False,Solid (4.0–4.4),Budget ($1–10),Developing,3.7811807209372614,1,2018,2018
105,105,Fifty Shades Darker,E L James,4.4,23631,7,2012,Fiction,False,False,False,False,False,False,Solid (4.0–4.4),Budget ($1–10),Popular but polarizing,4.373482100188979,1,2012,2012
106,106,Fifty Shades Freed: Book Three of the Fifty Shades Trilogy (Fifty Shades of Grey Series) (English Edition),E L James,4.5,20262,11,2012,Fiction,False,False,False,False,False,False,Strong (4.5–4.7),Mid-range ($11–20),Popular but polarizing,4.306682311019055,1,2012,2012
107,107,Fifty Shades of Grey: Book One of the Fifty Shades Trilogy (Fifty Shades of Grey Series),E L James,3.8,47265,14,2012,Fiction,False,False,True,True,False,False,Below 4.0,Mid-range ($11–20),Popular but polarizing,4.674539662229681,2,2012,2013
108,108,Fifty Shades of Grey: Book One of the Fifty Shades Trilogy (Fifty Shades of Grey Series),E L James,3.8,47265,14,2013,Fiction,False,False,True,True,False,False,Below 4.0,Mid-range ($11–20),Popular but polarizing,4.674539662229681,2,2012,2013
109,109,Fifty Shades Trilogy (Fifty Shades of Grey / Fifty Shades Darker / Fifty Shades Freed),E L James,4.5,13964,32,2012,Fiction,False,True,False,False,False,False,Strong (4.5–4.7),Premium ($21+),Popular but polarizing,4.145009840142142,1,2012,2012
110,110,Fire and Fury: Inside the Trump White House,Michael Wolff,4.2,13677,6,2018,Non Fiction,False,False,False,False,False,False,Solid (4.0–4.4),Budget ($1–10),Popular but polarizing,4.135990846921625,1,2018,2018
111,111,First 100 Words,Roger Priddy,4.7,17323,4,2014,Non Fiction,False,False,False,False,False,False,Strong (4.5–4.7),Budget ($1–10),Stars,4.2386231053847006,5,2014,2018
112,112,First 100 Words,Roger Priddy,4.7,17323,4,2015,Non Fiction,False,False,False,False,False,False,Strong (4.5–4.7),Budget ($1–10),Stars,4.2386231053847006,5,2014,2018
113,113,First 100 Words,Roger Priddy,4.7,17323,4,2016,Non Fiction,False,False,False,False,False,False,Strong (4.5–4.7),Budget ($1–10),Stars,4.2386231053847006,5,2014,2018
114,114,First 100 Words,Roger Priddy,4.7,17323,4,2017,Non Fiction,False,False,False,False,False,False,Strong (4.5–4.7),Budget ($1–10),Stars,4.2386231053847006,5,2014,2018
115,115,First 100 Words,Roger Priddy,4.7,17323,4,2018,Non Fiction,False,False,False,False,False,False,Strong (4.5–4.7),Budget ($1–10),Stars,4.2386231053847006,5,2014,2018
116,116,Food Rules: An Eater's Manual,Michael Pollan,4.4,1555,9,2010,Non Fiction,False,False,False,False,False,False,Solid (4.0–4.4),Budget ($1–10),Developing,3.1917303933628562,1,2010,2010
117,117,Frozen (Little Golden Book),RH Disney,4.7,3642,0,2014,Fiction,True,False,False,False,False,False,Strong (4.5–4.7),Zero / verify,Loved niche,3.5613399414589013,1,2014,2014
118,118,"Game Change: Obama and the Clintons, McCain and Palin, and the Race of a Lifetime",John Heilemann,4.4,1215,9,2010,Non Fiction,False,False,False,False,False,False,Solid (4.0–4.4),Budget ($1–10),Developing,3.084576277934331,1,2010,2010
119,119,Game of Thrones Boxed Set: A Game of Thrones/A Clash of Kings/A Storm of Swords/A Feast for Crows,George R.R. Martin,4.6,5594,5,2011,Fiction,False,False,False,False,False,False,Strong (4.5–4.7),Budget ($1–10),Developing,3.7477224620355085,3,2011,2013
120,120,Game of Thrones Boxed Set: A Game of Thrones/A Clash of Kings/A Storm of Swords/A Feast for Crows,George R.R. Martin,4.6,5594,5,2012,Fiction,False,False,False,False,False,False,Strong (4.5–4.7),Budget ($1–10),Developing,3.7477224620355085,3,2011,2013
121,121,Game of Thrones Boxed Set: A Game of Thrones/A Clash of Kings/A Storm of Swords/A Feast for Crows,George R.R. Martin,4.6,5594,5,2013,Fiction,False,False,False,False,False,False,Strong (4.5–4.7),Budget ($1–10),Developing,3.7477224620355085,3,2011,2013
122,122,George Washington's Sacred Fire,Peter A. Lillback,4.5,408,20,2010,Non Fiction,False,False,False,False,False,False,Strong (4.5–4.7),Mid-range ($11–20),Developing,2.61066016308988,1,2010,2010
123,123,George Washington's Secret Six: The Spy Ring That Saved the American Revolution,Brian Kilmeade,4.6,4799,16,2013,Non Fiction,False,False,False,False,False,False,Strong (4.5–4.7),Mid-range ($11–20),Developing,3.681150749932421,1,2013,2013
124,124,Giraffes Can't Dance,Giles Andreae,4.8,14038,4,2015,Fiction,False,False,False,False,False,False,Exceptional (4.8+),Budget ($1–10),Stars,4.1473052380761946,5,2015,2019
125,125,Giraffes Can't Dance,Giles Andreae,4.8,14038,4,2016,Fiction,False,False,False,False,False,False,Exceptional (4.8+),Budget ($1–10),Stars,4.1473052380761946,5,2015,2019
126,126,Giraffes Can't Dance,Giles Andreae,4.8,14038,4,2017,Fiction,False,False,False,False,False,False,Exceptional (4.8+),Budget ($1–10),Stars,4.1473052380761946,5,2015,2019
127,127,Giraffes Can't Dance,Giles Andreae,4.8,14038,4,2018,Fiction,False,False,False,False,False,False,Exceptional (4.8+),Budget ($1–10),Stars,4.1473052380761946,5,2015,2019
128,128,Giraffes Can't Dance,Giles Andreae,4.8,14038,4,2019,Fiction,False,False,False,False,False,False,Exceptional (4.8+),Budget ($1–10),Stars,4.1473052380761946,5,2015,2019
129,129,"Girl, Stop Apologizing: A Shame-Free Plan for Embracing and Achieving Your Goals",Rachel Hollis,4.6,7660,12,2019,Non Fiction,False,False,False,False,False,False,Strong (4.5–4.7),Mid-range ($11–20),Developing,3.884228769632604,1,2019,2019
130,130,"Girl, Wash Your Face: Stop Believing the Lies About Who You Are So You Can Become Who You Were Meant to Be",Rachel Hollis,4.6,22288,12,2018,Non Fiction,False,False,False,False,False,False,Strong (4.5–4.7),Mid-range ($11–20),Popular but polarizing,4.348071099079888,2,2018,2019
131,131,"Girl, Wash Your Face: Stop Believing the Lies About Who You Are So You Can Become Who You Were Meant to Be",Rachel Hollis,4.6,22288,12,2019,Non Fiction,False,False,False,False,False,False,Strong (4.5–4.7),Mid-range ($11–20),Popular but polarizing,4.348071099079888,2,2018,2019
132,132,"Glenn Beck's Common Sense: The Case Against an Out-of-Control Government, Inspired by Thomas Paine",Glenn Beck,4.6,1365,11,2009,Non Fiction,False,False,False,False,False,False,Strong (4.5–4.7),Mid-range ($11–20),Developing,3.1351326513767748,1,2009,2009
133,133,Go Set a Watchman: A Novel,Harper Lee,3.6,14982,19,2015,Fiction,False,False,False,True,False,False,Below 4.0,Mid-range ($11–20),Popular but polarizing,4.175569792734992,1,2015,2015
134,134,Go the F**k to Sleep,Adam Mansbach,4.8,9568,9,2011,Fiction,False,False,False,False,False,False,Exceptional (4.8+),Budget ($1–10),Stars,3.980821166644336,1,2011,2011
135,135,Going Rogue: An American Life,Sarah Palin,4.6,1636,6,2009,Non Fiction,False,False,False,False,False,False,Strong (4.5–4.7),Budget ($1–10),Developing,3.2137832993353044,1,2009,2009
136,136,Gone Girl,Gillian Flynn,4.0,57271,10,2012,Fiction,False,False,True,True,False,False,Solid (4.0–4.4),Budget ($1–10),Popular but polarizing,4.757934766327757,3,2012,2014
137,137,Gone Girl,Gillian Flynn,4.0,57271,10,2013,Fiction,False,False,True,True,False,False,Solid (4.0–4.4),Budget ($1–10),Popular but polarizing,4.757934766327757,3,2012,2014
138,138,Gone Girl,Gillian Flynn,4.0,57271,9,2014,Fiction,False,False,True,True,False,False,Solid (4.0–4.4),Budget ($1–10),Popular but polarizing,4.757934766327757,3,2012,2014
139,139,Good Days Start With Gratitude: A 52 Week Guide To Cultivate An Attitude Of Gratitude: Gratitude Journal,Pretty Simple Press,4.6,10141,6,2019,Non Fiction,False,False,False,False,False,False,Strong (4.5–4.7),Budget ($1–10),Popular but polarizing,4.006080782716094,1,2019,2019
140,140,Good to Great: Why Some Companies Make the Leap and Others Don't,Jim Collins,4.5,3457,14,2009,Non Fiction,False,False,False,False,False,False,Strong (4.5–4.7),Mid-range ($11–20),Developing,3.5386993795424067,4,2009,2012
141,141,Good to Great: Why Some Companies Make the Leap and Others Don't,Jim Collins,4.5,3457,14,2010,Non Fiction,False,False,False,False,False,False,Strong (4.5–4.7),Mid-range ($11–20),Developing,3.5386993795424067,4,2009,2012
142,142,Good to Great: Why Some Companies Make the Leap and Others Don't,Jim Collins,4.5,3457,14,2011,Non Fiction,False,False,False,False,False,False,Strong (4.5–4.7),Mid-range ($11–20),Developing,3.5386993795424067,4,2009,2012
143,143,Good to Great: Why Some Companies Make the Leap and Others Don't,Jim Collins,4.5,3457,14,2012,Non Fiction,False,False,False,False,False,False,Strong (4.5–4.7),Mid-range ($11–20),Developing,3.5386993795424067,4,2009,2012
144,144,Goodnight Moon,Margaret Wise Brown,4.8,8837,5,2017,Fiction,False,False,False,False,False,False,Exceptional (4.8+),Budget ($1–10),Stars,3.9463048549934747,3,2017,2019
145,145,Goodnight Moon,Margaret Wise Brown,4.8,8837,5,2018,Fiction,False,False,False,False,False,False,Exceptional (4.8+),Budget ($1–10),Stars,3.9463048549934747,3,2017,2019
146,146,Goodnight Moon,Margaret Wise Brown,4.8,8837,5,2019,Fiction,False,False,False,False,False,False,Exceptional (4.8+),Budget ($1–10),Stars,3.9463048549934747,3,2017,2019
147,147,"Goodnight, Goodnight Construction Site (Hardcover Books for Toddlers, Preschool Books for Kids)",Sherri Duskey Rinker,4.9,7038,7,2012,Fiction,False,False,False,False,False,False,Exceptional (4.8+),Budget ($1–10),Loved niche,3.8474492624991727,2,2012,2013
148,148,"Goodnight, Goodnight Construction Site (Hardcover Books for Toddlers, Preschool Books for Kids)",Sherri Duskey Rinker,4.9,7038,7,2013,Fiction,False,False,False,False,False,False,Exceptional (4.8+),Budget ($1–10),Loved niche,3.8474492624991727,2,2012,2013
149,149,"Grain Brain: The Surprising Truth about Wheat, Carbs, and Sugar--Your Brain's Silent Killers",David Perlmutter MD,4.6,5972,10,2014,Non Fiction,False,False,False,False,False,False,Strong (4.5–4.7),Budget ($1–10),Developing,3.776119799052988,1,2014,2014
150,150,Grey: Fifty Shades of Grey as Told by Christian (Fifty Shades of Grey Series),E L James,4.4,25624,14,2015,Fiction,False,False,False,False,False,False,Solid (4.0–4.4),Mid-range ($11–20),Popular but polarizing,4.408646925655765,1,2015,2015
151,151,Guts,Raina Telgemeier,4.8,5476,7,2019,Non Fiction,False,False,False,False,False,False,Exceptional (4.8+),Budget ($1–10),Loved niche,3.7384634394619525,1,2019,2019
152,152,Hamilton: The Revolution,Lin-Manuel Miranda,4.9,5867,54,2016,Non Fiction,False,True,False,False,False,False,Exceptional (4.8+),Premium ($21+),Loved niche,3.768416088216332,1,2016,2016
153,153,"Happy, Happy, Happy: My Life and Legacy as the Duck Commander",Phil Robertson,4.8,4148,11,2013,Non Fiction,False,False,False,False,False,False,Exceptional (4.8+),Mid-range ($11–20),Loved niche,3.6178387477170033,1,2013,2013
154,154,"Harry Potter and the Chamber of Secrets: The Illustrated Edition (Harry Potter, Book 2)",J.K. Rowling,4.9,19622,30,2016,Fiction,False,True,False,False,False,False,Exceptional (4.8+),Premium ($21+),Stars,4.292743271377071,1,2016,2016
155,155,"Harry Potter and the Cursed Child, Parts 1 & 2, Special Rehearsal Edition Script",J.K. Rowling,4.0,23973,12,2016,Fiction,False,False,False,True,False,False,Solid (4.0–4.4),Mid-range ($11–20),Popular but polarizing,4.379722385386193,1,2016,2016
156,156,"Harry Potter and the Goblet of Fire: The Illustrated Edition (Harry Potter, Book 4) (4)",J.K. Rowling,4.9,7758,18,2019,Fiction,False,False,False,False,False,False,Exceptional (4.8+),Mid-range ($11–20),Loved niche,3.8897497752640375,1,2019,2019
157,157,"Harry Potter and the Prisoner of Azkaban: The Illustrated Edition (Harry Potter, Book 3)",J.K. Rowling,4.9,3146,30,2017,Fiction,False,True,False,False,False,False,Exceptional (4.8+),Premium ($21+),Loved niche,3.497758718287268,1,2017,2017
158,158,"Harry Potter and the Sorcerer's Stone: The Illustrated Edition (Harry Potter, Book 1)",J.K. Rowling,4.9,10052,22,2016,Fiction,False,False,False,False,False,False,Exceptional (4.8+),Premium ($21+),Stars,4.002252479920538,1,2016,2016
159,159,Harry Potter Coloring Book,Scholastic,4.7,3564,9,2015,Non Fiction,False,False,False,False,False,False,Strong (4.5–4.7),Budget ($1–10),Loved niche,3.5519376953648374,1,2015,2015
160,160,Harry Potter Paperback Box Set (Books 1-7),J.K. Rowling,4.8,13471,52,2016,Fiction,False,True,False,False,False,False,Exceptional (4.8+),Premium ($21+),Stars,4.129399836135896,1,2016,2016
161,161,Have a Little Faith: A True Story,Mitch Albom,4.8,1930,4,2009,Non Fiction,False,False,False,False,False,False,Exceptional (4.8+),Budget ($1–10),Loved niche,3.285557309007774,1,2009,2009
162,162,Heaven is for Real: A Little Boy's Astounding Story of His Trip to Heaven and Back,Todd Burpo,4.7,15779,10,2011,Non Fiction,False,False,False,False,False,False,Strong (4.5–4.7),Budget ($1–10),Stars,4.198079476171031,2,2011,2012
163,163,Heaven is for Real: A Little Boy's Astounding Story of His Trip to Heaven and Back,Todd Burpo,4.7,15779,10,2012,Non Fiction,False,False,False,False,False,False,Strong (4.5–4.7),Budget ($1–10),Stars,4.198079476171031,2,2011,2012
164,164,Hillbilly Elegy: A Memoir of a Family and Culture in Crisis,J. D. Vance,4.4,15526,14,2016,Non Fiction,False,False,False,False,False,False,Solid (4.0–4.4),Mid-range ($11–20),Popular but polarizing,4.191059581827398,2,2016,2017
165,165,Hillbilly Elegy: A Memoir of a Family and Culture in Crisis,J. D. Vance,4.4,15526,14,2017,Non Fiction,False,False,False,False,False,False,Solid (4.0–4.4),Mid-range ($11–20),Popular but polarizing,4.191059581827398,2,2016,2017
166,166,Homebody: A Guide to Creating Spaces You Never Want to Leave,Joanna Gaines,4.8,3776,22,2018,Non Fiction,False,False,False,False,False,False,Exceptional (4.8+),Premium ($21+),Loved niche,3.5770319856260313,1,2018,2018
167,167,How to Win Friends & Influence People,Dale Carnegie,4.7,25001,11,2014,Non Fiction,False,False,False,False,False,False,Strong (4.5–4.7),Mid-range ($11–20),Stars,4.397957380103888,5,2014,2018
168,168,How to Win Friends & Influence People,Dale Carnegie,4.7,25001,11,2015,Non Fiction,False,False,False,False,False,False,Strong (4.5–4.7),Mid-range ($11–20),Stars,4.397957380103888,5,2014,2018
169,169,How to Win Friends & Influence People,Dale Carnegie,4.7,25001,11,2016,Non Fiction,False,False,False,False,False,False,Strong (4.5–4.7),Mid-range ($11–20),Stars,4.397957380103888,5,2014,2018
170,170,How to Win Friends & Influence People,Dale Carnegie,4.7,25001,11,2017,Non Fiction,False,False,False,False,False,False,Strong (4.5–4.7),Mid-range ($11–20),Stars,4.397957380103888,5,2014,2018
171,171,How to Win Friends & Influence People,Dale Carnegie,4.7,25001,11,2018,Non Fiction,False,False,False,False,False,False,Strong (4.5–4.7),Mid-range ($11–20),Stars,4.397957380103888,5,2014,2018
172,172,Howard Stern Comes Again,Howard Stern,4.3,5272,16,2019,Non Fiction,False,False,False,False,False,False,Solid (4.0–4.4),Mid-range ($11–20),Developing,3.7219754015859534,1,2019,2019
173,173,Humans of New York,Brandon Stanton,4.8,3490,15,2013,Non Fiction,False,False,False,False,False,False,Exceptional (4.8+),Mid-range ($11–20),Loved niche,3.5428254269591797,2,2013,2014
174,174,Humans of New York,Brandon Stanton,4.8,3490,15,2014,Non Fiction,False,False,False,False,False,False,Exceptional (4.8+),Mid-range ($11–20),Loved niche,3.5428254269591797,2,2013,2014
175,175,Humans of New York : Stories,Brandon Stanton,4.9,2812,17,2015,Non Fiction,False,False,False,False,False,False,Exceptional (4.8+),Mid-range ($11–20),Loved niche,3.4490153163477864,1,2015,2015
176,176,"Hyperbole and a Half: Unfortunate Situations, Flawed Coping Mechanisms, Mayhem, and Other Things That Happened",Allie Brosh,4.7,4896,17,2013,Non Fiction,False,False,False,False,False,False,Strong (4.5–4.7),Mid-range ($11–20),Loved niche,3.6898414091375047,1,2013,2013
177,177,"I Am Confident, Brave & Beautiful: A Coloring Book for Girls",Hopscotch Girls,4.8,9737,7,2019,Non Fiction,False,False,False,False,False,False,Exceptional (4.8+),Budget ($1–10),Stars,3.988425170006303,1,2019,2019
178,178,"I, Alex Cross",James Patterson,4.6,1320,7,2009,Fiction,False,False,False,False,False,False,Strong (4.5–4.7),Budget ($1–10),Developing,3.12057393120585,1,2009,2009
179,179,If Animals Kissed Good Night,Ann Whitford Paul,4.8,16643,4,2017,Fiction,False,False,False,False,False,False,Exceptional (4.8+),Budget ($1–10),Stars,4.221231613181412,2,2017,2019
180,180,If Animals Kissed Good Night,Ann Whitford Paul,4.8,16643,4,2019,Fiction,False,False,False,False,False,False,Exceptional (4.8+),Budget ($1–10),Stars,4.221231613181412,2,2017,2019
181,181,If I Stay,Gayle Forman,4.3,7153,9,2014,Fiction,False,False,False,False,False,False,Solid (4.0–4.4),Budget ($1–10),Developing,3.8544882250444306,1,2014,2014
182,182,"In the Garden of Beasts: Love, Terror, and an American Family in Hitler's Berlin",Eric Larson,4.4,4571,21,2011,Non Fiction,False,False,False,False,False,False,Solid (4.0–4.4),Premium ($21+),Developing,3.6600112212893308,1,2011,2011
183,183,Inferno,Dan Brown,4.1,29651,14,2013,Fiction,False,False,False,False,False,False,Solid (4.0–4.4),Mid-range ($11–20),Popular but polarizing,4.47203934482198,1,2013,2013
184,184,Inheritance: Book IV (Inheritance Cycle),Christopher Paolini,4.6,5299,20,2011,Fiction,False,False,False,False,False,False,Strong (4.5–4.7),Mid-range ($11–20),Developing,3.7241939195143297,1,2011,2011
185,185,Instant Pot Pressure Cooker Cookbook: 500 Everyday Recipes for Beginners and Advanced Users. Try Easy and Healthy…,Jennifer Smith,4.4,7396,13,2019,Non Fiction,False,False,False,False,False,True,Solid (4.0–4.4),Mid-range ($11–20),Developing,3.8689969024871353,2,2018,2019
186,186,Instant Pot Pressure Cooker Cookbook: 500 Everyday Recipes for Beginners and Advanced Users. Try Easy and Healthy…,Jennifer Smith,4.4,7396,13,2018,Non Fiction,False,False,False,False,False,True,Solid (4.0–4.4),Mid-range ($11–20),Developing,3.8689969024871353,2,2018,2019
187,187,It's Not Supposed to Be This Way: Finding Unexpected Strength When Disappointments Leave You Shattered,Lysa TerKeurst,4.8,7062,12,2019,Non Fiction,False,False,False,False,False,False,Exceptional (4.8+),Mid-range ($11–20),Loved niche,3.8489277132270785,1,2019,2019
188,188,Jesus Calling: Enjoying Peace in His Presence (with Scripture References),Sarah Young,4.9,19576,8,2011,Non Fiction,False,False,False,False,False,False,Exceptional (4.8+),Budget ($1–10),Stars,4.291723956343732,6,2011,2016
189,189,Jesus Calling: Enjoying Peace in His Presence (with Scripture References),Sarah Young,4.9,19576,8,2012,Non Fiction,False,False,False,False,False,False,Exceptional (4.8+),Budget ($1–10),Stars,4.291723956343732,6,2011,2016
190,190,Jesus Calling: Enjoying Peace in His Presence (with Scripture References),Sarah Young,4.9,19576,8,2013,Non Fiction,False,False,False,False,False,False,Exceptional (4.8+),Budget ($1–10),Stars,4.291723956343732,6,2011,2016
191,191,Jesus Calling: Enjoying Peace in His Presence (with Scripture References),Sarah Young,4.9,19576,8,2014,Non Fiction,False,False,False,False,False,False,Exceptional (4.8+),Budget ($1–10),Stars,4.291723956343732,6,2011,2016
192,192,Jesus Calling: Enjoying Peace in His Presence (with Scripture References),Sarah Young,4.9,19576,8,2015,Non Fiction,False,False,False,False,False,False,Exceptional (4.8+),Budget ($1–10),Stars,4.291723956343732,6,2011,2016
193,193,Jesus Calling: Enjoying Peace in His Presence (with Scripture References),Sarah Young,4.9,19576,8,2016,Non Fiction,False,False,False,False,False,False,Exceptional (4.8+),Budget ($1–10),Stars,4.291723956343732,6,2011,2016
194,194,JOURNEY TO THE ICE P,RH Disney,4.6,978,0,2014,Fiction,True,False,False,False,False,True,Strong (4.5–4.7),Zero / verify,Developing,2.9903388547876015,1,2014,2014
195,195,Joyland (Hard Case Crime),Stephen King,4.5,4748,12,2013,Fiction,False,False,False,False,False,False,Strong (4.5–4.7),Mid-range ($11–20),Developing,3.6765107102825536,1,2013,2013
196,196,Killers of the Flower Moon: The Osage Murders and the Birth of the FBI,David Grann,4.6,8393,17,2017,Non Fiction,False,False,False,False,False,False,Strong (4.5–4.7),Mid-range ($11–20),Developing,3.9239172231131056,1,2017,2017
197,197,Killing Jesus (Bill O'Reilly's Killing Series),Bill O'Reilly,4.5,11391,12,2013,Non Fiction,False,False,False,False,False,False,Strong (4.5–4.7),Mid-range ($11–20),Popular but polarizing,4.05656185185946,1,2013,2013
198,198,Killing Kennedy: The End of Camelot,Bill O'Reilly,4.6,8634,25,2012,Non Fiction,False,False,False,False,False,False,Strong (4.5–4.7),Premium ($21+),Popular but polarizing,3.9362120443202486,1,2012,2012
199,199,Killing Lincoln: The Shocking Assassination that Changed America Forever (Bill O'Reilly's Killing Series),Bill O'Reilly,4.7,9342,10,2011,Non Fiction,False,False,False,False,False,False,Strong (4.5–4.7),Budget ($1–10),Stars,3.970439862951764,2,2011,2012
200,200,Killing Lincoln: The Shocking Assassination that Changed America Forever (Bill O'Reilly's Killing Series),Bill O'Reilly,4.7,9342,10,2012,Non Fiction,False,False,False,False,False,False,Strong (4.5–4.7),Budget ($1–10),Stars,3.970439862951764,2,2011,2012
201,201,Killing Patton: The Strange Death of World War II's Most Audacious General (Bill O'Reilly's Killing Series),Bill O'Reilly,4.6,10927,6,2014,Non Fiction,False,False,False,False,False,False,Strong (4.5–4.7),Budget ($1–10),Popular but polarizing,4.0385009430766745,1,2014,2014
202,202,Killing Reagan: The Violent Assault That Changed a Presidency (Bill O'Reilly's Killing Series),Bill O'Reilly,4.6,5235,5,2015,Non Fiction,False,False,False,False,False,False,Strong (4.5–4.7),Budget ($1–10),Developing,3.718916686014861,1,2015,2015
203,203,Killing the Rising Sun: How America Vanquished World War II Japan (Bill O'Reilly's Killing Series),Bill O'Reilly,4.8,8916,6,2016,Non Fiction,False,False,False,False,False,False,Exceptional (4.8+),Budget ($1–10),Stars,3.9501700598082,1,2016,2016
204,204,Kitchen Confidential Updated Edition: Adventures in the Culinary Underbelly (P.S.),Anthony Bourdain,4.8,2507,8,2018,Non Fiction,False,False,False,False,False,False,Exceptional (4.8+),Budget ($1–10),Loved niche,3.3991543339582164,1,2018,2018
205,205,Knock-Knock Jokes for Kids,Rob Elliott,4.5,3673,4,2013,Non Fiction,False,False,False,False,False,False,Strong (4.5–4.7),Budget ($1–10),Developing,3.5650209283452936,3,2013,2015
206,206,Knock-Knock Jokes for Kids,Rob Elliott,4.5,3673,4,2014,Non Fiction,False,False,False,False,False,False,Strong (4.5–4.7),Budget ($1–10),Developing,3.5650209283452936,3,2013,2015
207,207,Knock-Knock Jokes for Kids,Rob Elliott,4.5,3673,4,2015,Non Fiction,False,False,False,False,False,False,Strong (4.5–4.7),Budget ($1–10),Developing,3.5650209283452936,3,2013,2015
208,208,"Last Week Tonight with John Oliver Presents A Day in the Life of Marlon Bundo (Better Bundo Book, LGBT Children’s Book)",Jill Twiss,4.9,11881,13,2018,Fiction,False,False,False,False,False,False,Exceptional (4.8+),Mid-range ($11–20),Stars,4.074852995881248,1,2018,2018
209,209,Laugh-Out-Loud Jokes for Kids,Rob Elliott,4.6,6990,4,2013,Non Fiction,False,False,False,False,False,False,Strong (4.5–4.7),Budget ($1–10),Developing,3.8444771757456815,5,2013,2017
210,210,Laugh-Out-Loud Jokes for Kids,Rob Elliott,4.6,6990,4,2014,Non Fiction,False,False,False,False,False,False,Strong (4.5–4.7),Budget ($1–10),Developing,3.8444771757456815,5,2013,2017
211,211,Laugh-Out-Loud Jokes for Kids,Rob Elliott,4.6,6990,4,2015,Non Fiction,False,False,False,False,False,False,Strong (4.5–4.7),Budget ($1–10),Developing,3.8444771757456815,5,2013,2017
212,212,Laugh-Out-Loud Jokes for Kids,Rob Elliott,4.6,6990,4,2016,Non Fiction,False,False,False,False,False,False,Strong (4.5–4.7),Budget ($1–10),Developing,3.8444771757456815,5,2013,2017
213,213,Laugh-Out-Loud Jokes for Kids,Rob Elliott,4.6,6990,4,2017,Non Fiction,False,False,False,False,False,False,Strong (4.5–4.7),Budget ($1–10),Developing,3.8444771757456815,5,2013,2017
214,214,"Lean In: Women, Work, and the Will to Lead",Sheryl Sandberg,4.5,6132,13,2013,Non Fiction,False,False,False,False,False,False,Strong (4.5–4.7),Mid-range ($11–20),Developing,3.7876021461823375,1,2013,2013
215,215,Leonardo da Vinci,Walter Isaacson,4.5,3014,21,2017,Non Fiction,False,False,False,False,False,False,Strong (4.5–4.7),Premium ($21+),Developing,3.479143247978613,1,2017,2017
216,216,Lettering and Modern Calligraphy: A Beginner's Guide: Learn Hand Lettering and Brush Lettering,Paper Peony Press,4.4,7550,6,2018,Non Fiction,False,False,False,False,False,False,Solid (4.0–4.4),Budget ($1–10),Developing,3.8779469516291885,1,2018,2018
217,217,Liberty and Tyranny: A Conservative Manifesto,Mark R. Levin,4.8,3828,15,2009,Non Fiction,False,False,False,False,False,False,Exceptional (4.8+),Mid-range ($11–20),Loved niche,3.582971929104806,1,2009,2009
218,218,Life,Keith Richards,4.5,2752,18,2010,Non Fiction,False,False,False,False,False,False,Strong (4.5–4.7),Mid-range ($11–20),Developing,3.4396484295634737,1,2010,2010
219,219,Little Bee: A Novel,Chris Cleave,4.1,1467,10,2010,Fiction,False,False,False,False,False,False,Solid (4.0–4.4),Budget ($1–10),Developing,3.166430113843283,1,2010,2010
220,220,Little Blue Truck,Alice Schertle,4.9,1884,0,2014,Fiction,True,False,False,False,False,False,Exceptional (4.8+),Zero / verify,Loved niche,3.2750808984568587,1,2014,2014
221,221,Little Fires Everywhere,Celeste Ng,4.5,25706,12,2018,Fiction,False,False,False,False,False,False,Strong (4.5–4.7),Mid-range ($11–20),Popular but polarizing,4.410034503205366,1,2018,2018
222,222,Looking for Alaska,John Green,4.5,8491,7,2014,Fiction,False,False,False,False,False,False,Strong (4.5–4.7),Budget ($1–10),Developing,3.9289588408808296,1,2014,2014
223,223,"Love Wins: A Book About Heaven, Hell, and the Fate of Every Person Who Ever Lived",Rob Bell,4.2,1649,13,2011,Non Fiction,False,False,False,False,False,False,Solid (4.0–4.4),Mid-range ($11–20),Developing,3.217220655644519,1,2011,2011
224,224,Love You Forever,Robert Munsch,4.8,18613,5,2014,Fiction,False,False,False,False,False,False,Exceptional (4.8+),Budget ($1–10),Stars,4.2698163773458235,2,2014,2015
225,225,Love You Forever,Robert Munsch,4.8,18613,5,2015,Fiction,False,False,False,False,False,False,Exceptional (4.8+),Budget ($1–10),Stars,4.2698163773458235,2,2014,2015
226,226,Magnolia Table: A Collection of Recipes for Gathering,Joanna Gaines,4.8,9867,16,2018,Non Fiction,False,False,False,False,False,False,Exceptional (4.8+),Mid-range ($11–20),Stars,3.994185128202317,1,2018,2018
227,227,Make It Ahead: A Barefoot Contessa Cookbook,Ina Garten,4.5,1386,20,2014,Non Fiction,False,False,False,False,False,False,Strong (4.5–4.7),Mid-range ($11–20),Developing,3.141763230275788,1,2014,2014
228,228,Make Your Bed: Little Things That Can Change Your Life...And Maybe the World,Admiral William H. McRaven,4.7,10199,11,2017,Non Fiction,False,False,False,False,False,False,Strong (4.5–4.7),Mid-range ($11–20),Stars,4.008557591784247,1,2017,2017
229,229,"Mastering the Art of French Cooking, Vol. 2",Julia Child,4.8,2926,27,2009,Non Fiction,False,False,False,False,False,False,Exceptional (4.8+),Premium ($21+),Loved niche,3.466274321789292,1,2009,2009
230,230,Milk and Honey,Rupi Kaur,4.7,17739,8,2016,Non Fiction,False,False,False,False,False,False,Strong (4.5–4.7),Budget ($1–10),Stars,4.248929133718768,3,2016,2018
231,231,Milk and Honey,Rupi Kaur,4.7,17739,8,2017,Non Fiction,False,False,False,False,False,False,Strong (4.5–4.7),Budget ($1–10),Stars,4.248929133718768,3,2016,2018
232,232,Milk and Honey,Rupi Kaur,4.7,17739,8,2018,Non Fiction,False,False,False,False,False,False,Strong (4.5–4.7),Budget ($1–10),Stars,4.248929133718768,3,2016,2018
233,233,Milk and Vine: Inspirational Quotes From Classic Vines,Adam Gasiewski,4.4,3113,6,2017,Non Fiction,False,False,False,False,False,False,Solid (4.0–4.4),Budget ($1–10),Developing,3.493179120682515,1,2017,2017
234,234,Mindset: The New Psychology of Success,Carol S. Dweck,4.6,5542,10,2014,Non Fiction,False,False,False,False,False,False,Strong (4.5–4.7),Budget ($1–10),Developing,3.743666521446213,3,2014,2016
235,235,Mindset: The New Psychology of Success,Carol S. Dweck,4.6,5542,10,2015,Non Fiction,False,False,False,False,False,False,Strong (4.5–4.7),Budget ($1–10),Developing,3.743666521446213,3,2014,2016
236,236,Mindset: The New Psychology of Success,Carol S. Dweck,4.6,5542,10,2016,Non Fiction,False,False,False,False,False,False,Strong (4.5–4.7),Budget ($1–10),Developing,3.743666521446213,3,2014,2016
237,237,Mockingjay (The Hunger Games),Suzanne Collins,4.5,26741,8,2010,Fiction,False,False,False,False,False,False,Strong (4.5–4.7),Budget ($1–10),Popular but polarizing,4.427177644001561,3,2010,2012
238,238,Mockingjay (The Hunger Games),Suzanne Collins,4.5,26741,8,2011,Fiction,False,False,False,False,False,False,Strong (4.5–4.7),Budget ($1–10),Popular but polarizing,4.427177644001561,3,2010,2012
239,239,Mockingjay (The Hunger Games),Suzanne Collins,4.5,26741,8,2012,Fiction,False,False,False,False,False,False,Strong (4.5–4.7),Budget ($1–10),Popular but polarizing,4.427177644001561,3,2010,2012
240,240,"National Geographic Kids Why?: Over 1,111 Answers to Everything",Crispin Boyer,4.8,5347,16,2019,Non Fiction,False,False,False,False,False,False,Exceptional (4.8+),Mid-range ($11–20),Loved niche,3.728110184100341,1,2019,2019
241,241,National Geographic Little Kids First Big Book of Why (National Geographic Little Kids First Big Books),Amy Shields,4.8,7866,11,2019,Non Fiction,False,False,False,False,False,False,Exceptional (4.8+),Mid-range ($11–20),Loved niche,3.895753942073728,1,2019,2019
242,242,New Moon (The Twilight Saga),Stephenie Meyer,4.6,5680,10,2009,Fiction,False,False,False,False,False,False,Strong (4.5–4.7),Budget ($1–10),Developing,3.754348335711019,1,2009,2009
243,243,Night (Night),Elie Wiesel,4.7,5178,9,2016,Non Fiction,False,False,False,False,False,False,Strong (4.5–4.7),Budget ($1–10),Loved niche,3.714162046098853,1,2016,2016
244,244,No Easy Day: The Autobiography of a Navy Seal: The Firsthand Account of the Mission That Killed Osama Bin Laden,Mark Owen,4.6,8093,14,2012,Non Fiction,False,False,False,False,False,False,Strong (4.5–4.7),Mid-range ($11–20),Developing,3.908109540392552,1,2012,2012
245,245,Obama: An Intimate Portrait,Pete Souza,4.9,3192,22,2017,Non Fiction,False,False,False,False,False,False,Exceptional (4.8+),Premium ($21+),Loved niche,3.5040628826786917,1,2017,2017
246,246,"Oh, the Places You'll Go!",Dr. Seuss,4.9,21834,8,2012,Fiction,False,False,False,False,False,False,Exceptional (4.8+),Budget ($1–10),Stars,4.339133305969879,8,2012,2019
247,247,"Oh, the Places You'll Go!",Dr. Seuss,4.9,21834,8,2013,Fiction,False,False,False,False,False,False,Exceptional (4.8+),Budget ($1–10),Stars,4.339133305969879,8,2012,2019
248,248,"Oh, the Places You'll Go!",Dr. Seuss,4.9,21834,8,2014,Fiction,False,False,False,False,False,False,Exceptional (4.8+),Budget ($1–10),Stars,4.339133305969879,8,2012,2019
249,249,"Oh, the Places You'll Go!",Dr. Seuss,4.9,21834,8,2015,Fiction,False,False,False,False,False,False,Exceptional (4.8+),Budget ($1–10),Stars,4.339133305969879,8,2012,2019
250,250,"Oh, the Places You'll Go!",Dr. Seuss,4.9,21834,8,2016,Fiction,False,False,False,False,False,False,Exceptional (4.8+),Budget ($1–10),Stars,4.339133305969879,8,2012,2019
251,251,"Oh, the Places You'll Go!",Dr. Seuss,4.9,21834,8,2017,Fiction,False,False,False,False,False,False,Exceptional (4.8+),Budget ($1–10),Stars,4.339133305969879,8,2012,2019
252,252,"Oh, the Places You'll Go!",Dr. Seuss,4.9,21834,8,2018,Fiction,False,False,False,False,False,False,Exceptional (4.8+),Budget ($1–10),Stars,4.339133305969879,8,2012,2019
253,253,"Oh, the Places You'll Go!",Dr. Seuss,4.9,21834,8,2019,Fiction,False,False,False,False,False,False,Exceptional (4.8+),Budget ($1–10),Stars,4.339133305969879,8,2012,2019
254,254,Old School (Diary of a Wimpy Kid #10),Jeff Kinney,4.8,6169,7,2015,Fiction,False,False,False,False,False,False,Exceptional (4.8+),Budget ($1–10),Loved niche,3.7902147702439795,1,2015,2015
255,255,Olive Kitteridge,Elizabeth Strout,4.2,4519,12,2009,Fiction,False,False,False,False,False,False,Solid (4.0–4.4),Mid-range ($11–20),Developing,3.655042341331202,1,2009,2009
256,256,One Thousand Gifts: A Dare to Live Fully Right Where You Are,Ann Voskamp,4.6,3163,13,2011,Non Fiction,False,False,False,False,False,False,Strong (4.5–4.7),Mid-range ($11–20),Developing,3.500099191915723,2,2011,2012
257,257,One Thousand Gifts: A Dare to Live Fully Right Where You Are,Ann Voskamp,4.6,3163,13,2012,Non Fiction,False,False,False,False,False,False,Strong (4.5–4.7),Mid-range ($11–20),Developing,3.500099191915723,2,2011,2012
258,258,"Option B: Facing Adversity, Building Resilience, and Finding Joy",Sheryl Sandberg,4.5,1831,9,2017,Non Fiction,False,False,False,False,False,False,Strong (4.5–4.7),Budget ($1–10),Developing,3.2626883443016963,1,2017,2017
259,259,Origin: A Novel (Robert Langdon),Dan Brown,4.3,18904,13,2017,Fiction,False,False,False,False,False,False,Solid (4.0–4.4),Mid-range ($11–20),Popular but polarizing,4.276553708624313,1,2017,2017
260,260,Orphan Train,Christina Baker Kline,4.6,21930,11,2014,Fiction,False,False,False,False,False,False,Strong (4.5–4.7),Mid-range ($11–20),Popular but polarizing,4.341038631677523,1,2014,2014
261,261,Outliers: The Story of Success,Malcolm Gladwell,4.6,10426,20,2009,Non Fiction,False,False,False,False,False,False,Strong (4.5–4.7),Mid-range ($11–20),Popular but polarizing,4.018117720591,2,2009,2010
262,262,Outliers: The Story of Success,Malcolm Gladwell,4.6,10426,20,2010,Non Fiction,False,False,False,False,False,False,Strong (4.5–4.7),Mid-range ($11–20),Popular but polarizing,4.018117720591,2,2009,2010
263,263,P is for Potty! (Sesame Street) (Lift-the-Flap),Naomi Kleinberg,4.7,10820,5,2018,Non Fiction,False,False,False,False,False,False,Strong (4.5–4.7),Budget ($1–10),Stars,4.0342272607705505,2,2018,2019
264,264,P is for Potty! (Sesame Street) (Lift-the-Flap),Naomi Kleinberg,4.7,10820,5,2019,Non Fiction,False,False,False,False,False,False,Strong (4.5–4.7),Budget ($1–10),Stars,4.0342272607705505,2,2018,2019
265,265,Percy Jackson and the Olympians Paperback Boxed Set (Books 1-3),Rick Riordan,4.8,548,2,2010,Fiction,False,False,False,False,False,False,Exceptional (4.8+),Budget ($1–10),Loved niche,2.738780558484369,1,2010,2010
266,266,Player's Handbook (Dungeons & Dragons),Wizards RPG Team,4.8,16990,27,2017,Fiction,False,False,False,False,False,False,Exceptional (4.8+),Premium ($21+),Stars,4.230193378869045,3,2017,2019
267,267,Player's Handbook (Dungeons & Dragons),Wizards RPG Team,4.8,16990,27,2018,Fiction,False,False,False,False,False,False,Exceptional (4.8+),Premium ($21+),Stars,4.230193378869045,3,2017,2019
268,268,Player's Handbook (Dungeons & Dragons),Wizards RPG Team,4.8,16990,27,2019,Fiction,False,False,False,False,False,False,Exceptional (4.8+),Premium ($21+),Stars,4.230193378869045,3,2017,2019
269,269,Pokémon Deluxe Essential Handbook: The Need-to-Know Stats and Facts on Over 700 Pokémon,Scholastic,4.7,3503,9,2016,Fiction,False,False,False,False,False,False,Strong (4.5–4.7),Budget ($1–10),Loved niche,3.5444401373176926,1,2016,2016
270,270,Proof of Heaven: A Neurosurgeon's Journey into the Afterlife,Eben Alexander,4.3,13616,10,2012,Non Fiction,False,False,False,False,False,False,Solid (4.0–4.4),Budget ($1–10),Popular but polarizing,4.134049542740513,2,2012,2013
271,271,Proof of Heaven: A Neurosurgeon's Journey into the Afterlife,Eben Alexander,4.3,13616,10,2013,Non Fiction,False,False,False,False,False,False,Solid (4.0–4.4),Budget ($1–10),Popular but polarizing,4.134049542740513,2,2012,2013
272,272,"Publication Manual of the American Psychological Association, 6th Edition",American Psychological Association,4.5,8580,46,2009,Non Fiction,False,True,False,False,False,False,Strong (4.5–4.7),Premium ($21+),Popular but polarizing,3.9334872878487053,10,2009,2018
273,273,"Publication Manual of the American Psychological Association, 6th Edition",American Psychological Association,4.5,8580,46,2010,Non Fiction,False,True,False,False,False,False,Strong (4.5–4.7),Premium ($21+),Popular but polarizing,3.9334872878487053,10,2009,2018
274,274,"Publication Manual of the American Psychological Association, 6th Edition",American Psychological Association,4.5,8580,46,2011,Non Fiction,False,True,False,False,False,False,Strong (4.5–4.7),Premium ($21+),Popular but polarizing,3.9334872878487053,10,2009,2018
275,275,"Publication Manual of the American Psychological Association, 6th Edition",American Psychological Association,4.5,8580,46,2012,Non Fiction,False,True,False,False,False,False,Strong (4.5–4.7),Premium ($21+),Popular but polarizing,3.9334872878487053,10,2009,2018
276,276,"Publication Manual of the American Psychological Association, 6th Edition",American Psychological Association,4.5,8580,46,2013,Non Fiction,False,True,False,False,False,False,Strong (4.5–4.7),Premium ($21+),Popular but polarizing,3.9334872878487053,10,2009,2018
277,277,"Publication Manual of the American Psychological Association, 6th Edition",American Psychological Association,4.5,8580,46,2014,Non Fiction,False,True,False,False,False,False,Strong (4.5–4.7),Premium ($21+),Popular but polarizing,3.9334872878487053,10,2009,2018
278,278,"Publication Manual of the American Psychological Association, 6th Edition",American Psychological Association,4.5,8580,46,2015,Non Fiction,False,True,False,False,False,False,Strong (4.5–4.7),Premium ($21+),Popular but polarizing,3.9334872878487053,10,2009,2018
279,279,"Publication Manual of the American Psychological Association, 6th Edition",American Psychological Association,4.5,8580,46,2016,Non Fiction,False,True,False,False,False,False,Strong (4.5–4.7),Premium ($21+),Popular but polarizing,3.9334872878487053,10,2009,2018
280,280,"Publication Manual of the American Psychological Association, 6th Edition",American Psychological Association,4.5,8580,46,2017,Non Fiction,False,True,False,False,False,False,Strong (4.5–4.7),Premium ($21+),Popular but polarizing,3.9334872878487053,10,2009,2018
281,281,"Publication Manual of the American Psychological Association, 6th Edition",American Psychological Association,4.5,8580,46,2018,Non Fiction,False,True,False,False,False,False,Strong (4.5–4.7),Premium ($21+),Popular but polarizing,3.9334872878487053,10,2009,2018
282,282,Puppy Birthday to You! (Paw Patrol) (Little Golden Book),Golden Books,4.8,4757,4,2017,Fiction,False,False,False,False,False,False,Exceptional (4.8+),Budget ($1–10),Loved niche,3.677333151419902,1,2017,2017
283,283,Quiet: The Power of Introverts in a World That Can't Stop Talking,Susan Cain,4.6,10009,20,2012,Non Fiction,False,False,False,False,False,False,Strong (4.5–4.7),Mid-range ($11–20),Popular but polarizing,4.00039068924991,2,2012,2013
284,284,Quiet: The Power of Introverts in a World That Can't Stop Talking,Susan Cain,4.6,10009,7,2013,Non Fiction,False,False,False,False,False,False,Strong (4.5–4.7),Budget ($1–10),Popular but polarizing,4.00039068924991,2,2012,2013
285,285,Radical: Taking Back Your Faith from the American Dream,David Platt,4.7,1985,9,2010,Non Fiction,False,False,False,False,False,False,Strong (4.5–4.7),Budget ($1–10),Loved niche,3.297760511099134,2,2010,2011
286,286,Radical: Taking Back Your Faith from the American Dream,David Platt,4.7,1985,9,2011,Non Fiction,False,False,False,False,False,False,Strong (4.5–4.7),Budget ($1–10),Loved niche,3.297760511099134,2,2010,2011
287,287,Ready Player One: A Novel,Ernest Cline,4.6,22536,12,2017,Fiction,False,False,False,False,False,False,Strong (4.5–4.7),Mid-range ($11–20),Popular but polarizing,4.352876833977717,2,2017,2018
288,288,Ready Player One: A Novel,Ernest Cline,4.6,22536,12,2018,Fiction,False,False,False,False,False,False,Strong (4.5–4.7),Mid-range ($11–20),Popular but polarizing,4.352876833977717,2,2017,2018
289,289,Rush Revere and the Brave Pilgrims: Time-Travel Adventures with Exceptional Americans (1),Rush Limbaugh,4.9,7150,12,2013,Fiction,False,False,False,False,False,False,Exceptional (4.8+),Mid-range ($11–20),Loved niche,3.8543060418010806,1,2013,2013
290,290,Rush Revere and the First Patriots: Time-Travel Adventures With Exceptional Americans (2),Rush Limbaugh,4.9,3836,12,2014,Fiction,False,False,False,False,False,False,Exceptional (4.8+),Mid-range ($11–20),Loved niche,3.583878598498626,1,2014,2014
291,291,"Salt, Fat, Acid, Heat: Mastering the Elements of Good Cooking",Samin Nosrat,4.8,7802,20,2018,Non Fiction,False,False,False,False,False,False,Exceptional (4.8+),Mid-range ($11–20),Loved niche,3.8922059459757725,2,2018,2019
292,292,"Salt, Fat, Acid, Heat: Mastering the Elements of Good Cooking",Samin Nosrat,4.8,7802,20,2019,Non Fiction,False,False,False,False,False,False,Exceptional (4.8+),Mid-range ($11–20),Loved niche,3.8922059459757725,2,2018,2019
293,293,Sarah's Key,Tatiana de Rosnay,4.6,3619,10,2010,Fiction,False,False,False,False,False,False,Strong (4.5–4.7),Budget ($1–10),Developing,3.5585885831081994,1,2010,2010
294,294,"School Zone - Big Preschool Workbook - Ages 4 and Up, Colors, Shapes, Numbers 1-10, Alphabet, Pre-Writing, Pre-Reading…",School Zone,4.8,23047,6,2018,Non Fiction,False,False,False,False,False,True,Exceptional (4.8+),Budget ($1–10),Stars,4.3626144018194015,2,2018,2019
295,295,"School Zone - Big Preschool Workbook - Ages 4 and Up, Colors, Shapes, Numbers 1-10, Alphabet, Pre-Writing, Pre-Reading…",School Zone,4.8,23047,6,2019,Non Fiction,False,False,False,False,False,True,Exceptional (4.8+),Budget ($1–10),Stars,4.3626144018194015,2,2018,2019
296,296,"Secret Garden: An Inky Treasure Hunt and Coloring Book (For Adults, mindfulness coloring)",Johanna Basford,4.7,9366,9,2015,Non Fiction,False,False,False,False,False,False,Strong (4.5–4.7),Budget ($1–10),Stars,3.971554153446061,1,2015,2015
297,297,Sh*t My Dad Says,Justin Halpern,4.7,1265,11,2010,Non Fiction,False,False,False,False,False,False,Strong (4.5–4.7),Mid-range ($11–20),Loved niche,3.1020905255118367,1,2010,2010
298,298,Ship of Fools: How a Selfish Ruling Class Is Bringing America to the Brink of Revolution,Tucker Carlson,4.8,3923,16,2018,Non Fiction,False,False,False,False,False,False,Exceptional (4.8+),Mid-range ($11–20),Loved niche,3.593618308129536,1,2018,2018
299,299,Shred: The Revolutionary Diet: 6 Weeks 4 Inches 2 Sizes,Ian K. Smith M.D.,4.1,2272,6,2013,Non Fiction,False,False,False,False,False,False,Solid (4.0–4.4),Budget ($1–10),Developing,3.3564083270389813,1,2013,2013
300,300,Sookie Stackhouse,Charlaine Harris,4.7,973,25,2009,Fiction,False,False,False,False,False,False,Strong (4.5–4.7),Premium ($21+),Loved niche,2.988112840268352,1,2009,2009
301,301,"Soul Healing Miracles: Ancient and New Sacred Wisdom, Knowledge, and Practical Techniques for Healing the Spiritual…",Zhi Gang Sha,4.6,220,17,2013,Non Fiction,False,False,False,False,False,True,Strong (4.5–4.7),Mid-range ($11–20),Developing,2.342422680822206,1,2013,2013
302,302,Steve Jobs,Walter Isaacson,4.6,7827,20,2011,Non Fiction,False,False,False,False,False,False,Strong (4.5–4.7),Mid-range ($11–20),Developing,3.893595333819883,2,2011,2012
303,303,Steve Jobs,Walter Isaacson,4.6,7827,20,2012,Non Fiction,False,False,False,False,False,False,Strong (4.5–4.7),Mid-range ($11–20),Developing,3.893595333819883,2,2011,2012
304,304,Strange Planet (Strange Planet Series),Nathan W. Pyle,4.9,9382,6,2019,Fiction,False,False,False,False,False,False,Exceptional (4.8+),Budget ($1–10),Stars,3.9722954286111394,1,2019,2019
305,305,StrengthsFinder 2.0,Gallup,4.0,5069,17,2009,Non Fiction,False,False,False,True,False,False,Solid (4.0–4.4),Mid-range ($11–20),Developing,3.7049222912234017,9,2009,2017
306,306,StrengthsFinder 2.0,Gallup,4.0,5069,17,2010,Non Fiction,False,False,False,True,False,False,Solid (4.0–4.4),Mid-range ($11–20),Developing,3.7049222912234017,9,2009,2017
307,307,StrengthsFinder 2.0,Gallup,4.0,5069,17,2011,Non Fiction,False,False,False,True,False,False,Solid (4.0–4.4),Mid-range ($11–20),Developing,3.7049222912234017,9,2009,2017
308,308,StrengthsFinder 2.0,Gallup,4.0,5069,17,2012,Non Fiction,False,False,False,True,False,False,Solid (4.0–4.4),Mid-range ($11–20),Developing,3.7049222912234017,9,2009,2017
309,309,StrengthsFinder 2.0,Gallup,4.0,5069,17,2013,Non Fiction,False,False,False,True,False,False,Solid (4.0–4.4),Mid-range ($11–20),Developing,3.7049222912234017,9,2009,2017
310,310,StrengthsFinder 2.0,Gallup,4.0,5069,17,2014,Non Fiction,False,False,False,True,False,False,Solid (4.0–4.4),Mid-range ($11–20),Developing,3.7049222912234017,9,2009,2017
311,311,StrengthsFinder 2.0,Gallup,4.0,5069,17,2015,Non Fiction,False,False,False,True,False,False,Solid (4.0–4.4),Mid-range ($11–20),Developing,3.7049222912234017,9,2009,2017
312,312,StrengthsFinder 2.0,Gallup,4.0,5069,17,2016,Non Fiction,False,False,False,True,False,False,Solid (4.0–4.4),Mid-range ($11–20),Developing,3.7049222912234017,9,2009,2017
313,313,StrengthsFinder 2.0,Gallup,4.0,5069,17,2017,Non Fiction,False,False,False,True,False,False,Solid (4.0–4.4),Mid-range ($11–20),Developing,3.7049222912234017,9,2009,2017
314,314,"Super Freakonomics: Global Cooling, Patriotic Prostitutes, and Why Suicide Bombers Should Buy Life Insurance",Steven D. Levitt,4.5,1583,18,2009,Non Fiction,False,False,False,False,False,False,Strong (4.5–4.7),Mid-range ($11–20),Developing,3.199480914862356,1,2009,2009
315,315,Switch: How to Change Things When Change Is Hard,Chip Heath,4.6,1907,13,2010,Non Fiction,False,False,False,False,False,False,Strong (4.5–4.7),Mid-range ($11–20),Developing,3.280350693046006,1,2010,2010
316,316,Sycamore Row (Jake Brigance),John Grisham,4.5,23114,18,2013,Fiction,False,False,False,False,False,False,Strong (4.5–4.7),Mid-range ($11–20),Popular but polarizing,4.3638751089410315,1,2013,2013
317,317,Teach Like a Champion: 49 Techniques that Put Students on the Path to College,Doug Lemov,4.4,637,20,2010,Non Fiction,False,False,False,False,False,False,Solid (4.0–4.4),Mid-range ($11–20),Developing,2.8041394323353503,2,2010,2011
318,318,Teach Like a Champion: 49 Techniques that Put Students on the Path to College,Doug Lemov,4.4,637,20,2011,Non Fiction,False,False,False,False,False,False,Solid (4.0–4.4),Mid-range ($11–20),Developing,2.8041394323353503,2,2010,2011
319,319,The 17 Day Diet: A Doctor's Plan Designed for Rapid Results,Mike Moreno,4.3,2314,22,2011,Non Fiction,False,False,False,False,False,False,Solid (4.0–4.4),Premium ($21+),Developing,3.3643633546157306,1,2011,2011
320,320,"The 4 Hour Body: An Uncommon Guide to Rapid Fat Loss, Incredible Sex and Becoming Superhuman",Timothy Ferriss,4.3,4587,21,2011,Non Fiction,False,False,False,False,False,False,Solid (4.0–4.4),Premium ($21+),Developing,3.6615287401319825,1,2011,2011
321,321,The 5 Love Languages: The Secret to Love that Lasts,Gary Chapman,4.7,3477,28,2010,Non Fiction,False,False,False,False,False,False,Strong (4.5–4.7),Premium ($21+),Loved niche,3.5412046906832586,10,2010,2019
322,322,The 5 Love Languages: The Secret to Love that Lasts,Gary Chapman,4.7,3477,28,2011,Non Fiction,False,False,False,False,False,False,Strong (4.5–4.7),Premium ($21+),Loved niche,3.5412046906832586,10,2010,2019
323,323,The 5 Love Languages: The Secret to Love that Lasts,Gary Chapman,4.7,3477,28,2012,Non Fiction,False,False,False,False,False,False,Strong (4.5–4.7),Premium ($21+),Loved niche,3.5412046906832586,10,2010,2019
324,324,The 5 Love Languages: The Secret to Love that Lasts,Gary Chapman,4.7,3477,28,2013,Non Fiction,False,False,False,False,False,False,Strong (4.5–4.7),Premium ($21+),Loved niche,3.5412046906832586,10,2010,2019
325,325,The 5 Love Languages: The Secret to Love that Lasts,Gary Chapman,4.7,3477,28,2014,Non Fiction,False,False,False,False,False,False,Strong (4.5–4.7),Premium ($21+),Loved niche,3.5412046906832586,10,2010,2019
326,326,The 5 Love Languages: The Secret to Love that Lasts,Gary Chapman,4.8,25554,8,2015,Non Fiction,False,False,False,False,False,False,Exceptional (4.8+),Budget ($1–10),Stars,4.407458890457392,10,2010,2019
327,327,The 5 Love Languages: The Secret to Love that Lasts,Gary Chapman,4.8,25554,8,2016,Non Fiction,False,False,False,False,False,False,Exceptional (4.8+),Budget ($1–10),Stars,4.407458890457392,10,2010,2019
328,328,The 5 Love Languages: The Secret to Love that Lasts,Gary Chapman,4.8,25554,8,2017,Non Fiction,False,False,False,False,False,False,Exceptional (4.8+),Budget ($1–10),Stars,4.407458890457392,10,2010,2019
329,329,The 5 Love Languages: The Secret to Love that Lasts,Gary Chapman,4.8,25554,8,2018,Non Fiction,False,False,False,False,False,False,Exceptional (4.8+),Budget ($1–10),Stars,4.407458890457392,10,2010,2019
330,330,The 5 Love Languages: The Secret to Love that Lasts,Gary Chapman,4.8,25554,8,2019,Non Fiction,False,False,False,False,False,False,Exceptional (4.8+),Budget ($1–10),Stars,4.407458890457392,10,2010,2019
331,331,The 5000 Year Leap,W. Cleon Skousen,4.8,1680,12,2009,Non Fiction,False,False,False,False,False,False,Exceptional (4.8+),Mid-range ($11–20),Loved niche,3.225309281725863,1,2009,2009
332,332,The 7 Habits of Highly Effective People: Powerful Lessons in Personal Change,Stephen R. Covey,4.6,9325,24,2009,Non Fiction,False,False,False,False,False,False,Strong (4.5–4.7),Premium ($21+),Popular but polarizing,3.9696488404807253,7,2009,2017
333,333,The 7 Habits of Highly Effective People: Powerful Lessons in Personal Change,Stephen R. Covey,4.6,9325,24,2011,Non Fiction,False,False,False,False,False,False,Strong (4.5–4.7),Premium ($21+),Popular but polarizing,3.9696488404807253,7,2009,2017
334,334,The 7 Habits of Highly Effective People: Powerful Lessons in Personal Change,Stephen R. Covey,4.6,9325,24,2012,Non Fiction,False,False,False,False,False,False,Strong (4.5–4.7),Premium ($21+),Popular but polarizing,3.9696488404807253,7,2009,2017
335,335,The 7 Habits of Highly Effective People: Powerful Lessons in Personal Change,Stephen R. Covey,4.6,9325,24,2013,Non Fiction,False,False,False,False,False,False,Strong (4.5–4.7),Premium ($21+),Popular but polarizing,3.9696488404807253,7,2009,2017
336,336,The 7 Habits of Highly Effective People: Powerful Lessons in Personal Change,Stephen R. Covey,4.7,4725,16,2015,Non Fiction,False,False,False,False,False,False,Strong (4.5–4.7),Mid-range ($11–20),Loved niche,3.674401812845282,7,2009,2017
337,337,The 7 Habits of Highly Effective People: Powerful Lessons in Personal Change,Stephen R. Covey,4.7,4725,16,2016,Non Fiction,False,False,False,False,False,False,Strong (4.5–4.7),Mid-range ($11–20),Loved niche,3.674401812845282,7,2009,2017
338,338,The 7 Habits of Highly Effective People: Powerful Lessons in Personal Change,Stephen R. Covey,4.7,4725,16,2017,Non Fiction,False,False,False,False,False,False,Strong (4.5–4.7),Mid-range ($11–20),Loved niche,3.674401812845282,7,2009,2017
339,339,The Alchemist,Paulo Coelho,4.7,35799,39,2014,Fiction,False,True,False,False,False,False,Strong (4.5–4.7),Premium ($21+),Stars,4.553870895343662,1,2014,2014
340,340,The Amateur,Edward Klein,4.6,2580,9,2012,Non Fiction,False,False,False,False,False,False,Strong (4.5–4.7),Budget ($1–10),Developing,3.41161970596323,1,2012,2012
341,341,The Art of Racing in the Rain: A Novel,Garth Stein,4.7,11813,10,2010,Fiction,False,False,False,False,False,False,Strong (4.5–4.7),Budget ($1–10),Stars,4.0723602039634885,2,2010,2011
342,342,The Art of Racing in the Rain: A Novel,Garth Stein,4.7,11813,10,2011,Fiction,False,False,False,False,False,False,Strong (4.5–4.7),Budget ($1–10),Stars,4.0723602039634885,2,2010,2011
343,343,The Big Short: Inside the Doomsday Machine,Michael Lewis,4.7,3536,17,2010,Non Fiction,False,False,False,False,False,False,Strong (4.5–4.7),Mid-range ($11–20),Loved niche,3.5485122563410356,1,2010,2010
344,344,The Blood of Olympus (The Heroes of Olympus (5)),Rick Riordan,4.8,6600,11,2014,Fiction,False,False,False,False,False,False,Exceptional (4.8+),Mid-range ($11–20),Loved niche,3.8195439355418688,1,2014,2014
345,345,"The Blood Sugar Solution: The UltraHealthy Program for Losing Weight, Preventing Disease, and Feeling Great Now!",Mark Hyman M.D.,4.2,1789,14,2012,Non Fiction,False,False,False,False,False,False,Solid (4.0–4.4),Mid-range ($11–20),Developing,3.252610340567373,1,2012,2012
346,346,"The Body Keeps the Score: Brain, Mind, and Body in the Healing of Trauma",Bessel van der Kolk M.D.,4.8,12361,12,2019,Non Fiction,False,False,False,False,False,False,Exceptional (4.8+),Mid-range ($11–20),Stars,4.092053606425475,1,2019,2019
347,347,The Book of Basketball: The NBA According to The Sports Guy,Bill Simmons,4.7,858,53,2009,Non Fiction,False,True,False,False,False,False,Strong (4.5–4.7),Premium ($21+),Loved niche,2.9334872878487053,1,2009,2009
348,348,The Book Thief,Markus Zusak,4.6,23148,6,2013,Fiction,False,False,False,False,False,False,Strong (4.5–4.7),Budget ($1–10),Popular but polarizing,4.36451347369151,2,2013,2014
349,349,The Book Thief,Markus Zusak,4.6,23148,6,2014,Fiction,False,False,False,False,False,False,Strong (4.5–4.7),Budget ($1–10),Popular but polarizing,4.36451347369151,2,2013,2014
350,350,The Book with No Pictures,B. J. Novak,4.8,8081,8,2014,Fiction,False,False,False,False,False,False,Exceptional (4.8+),Budget ($1–10),Loved niche,3.9074651067658563,2,2014,2015
351,351,The Book with No Pictures,B. J. Novak,4.8,8081,8,2015,Fiction,False,False,False,False,False,False,Exceptional (4.8+),Budget ($1–10),Loved niche,3.9074651067658563,2,2014,2015
352,352,The Boys in the Boat: Nine Americans and Their Epic Quest for Gold at the 1936 Berlin Olympics,Daniel James Brown,4.8,23358,12,2014,Non Fiction,False,False,False,False,False,False,Exceptional (4.8+),Mid-range ($11–20),Stars,4.3684356541018055,2,2014,2015
353,353,The Boys in the Boat: Nine Americans and Their Epic Quest for Gold at the 1936 Berlin Olympics,Daniel James Brown,4.8,23358,12,2015,Non Fiction,False,False,False,False,False,False,Exceptional (4.8+),Mid-range ($11–20),Stars,4.3684356541018055,2,2014,2015
354,354,The Casual Vacancy,J.K. Rowling,3.3,9372,12,2012,Fiction,False,False,False,True,False,False,Below 4.0,Mid-range ($11–20),Popular but polarizing,3.971832279924925,1,2012,2012
355,355,The China Study: The Most Comprehensive Study of Nutrition Ever Conducted And the Startling Implications for Diet…,Thomas Campbell,4.7,4633,21,2011,Non Fiction,False,False,False,False,False,True,Strong (4.5–4.7),Premium ($21+),Loved niche,3.6658623002031554,1,2011,2011
356,356,The Complete Ketogenic Diet for Beginners: Your Essential Guide to Living the Keto Lifestyle,Amy Ramos,4.3,13061,6,2018,Non Fiction,False,False,False,False,False,False,Solid (4.0–4.4),Budget ($1–10),Popular but polarizing,4.115976429454817,2,2018,2019
357,357,The Complete Ketogenic Diet for Beginners: Your Essential Guide to Living the Keto Lifestyle,Amy Ramos,4.3,13061,6,2019,Non Fiction,False,False,False,False,False,False,Solid (4.0–4.4),Budget ($1–10),Popular but polarizing,4.115976429454817,2,2018,2019
358,358,The Confession: A Novel,John Grisham,4.3,3523,13,2010,Fiction,False,False,False,False,False,False,Solid (4.0–4.4),Mid-range ($11–20),Developing,3.5469126431812423,1,2010,2010
359,359,The Constitution of the United States,Delegates of the Constitutional…,4.8,2774,0,2016,Non Fiction,True,False,False,False,False,True,Exceptional (4.8+),Zero / verify,Loved niche,3.443106456737266,1,2016,2016
360,360,The Daily Show with Jon Stewart Presents Earth (The Book): A Visitor's Guide to the Human Race,Jon Stewart,4.4,440,11,2010,Non Fiction,False,False,False,False,False,False,Solid (4.0–4.4),Mid-range ($11–20),Developing,2.6434526764861874,1,2010,2010
361,361,The Day the Crayons Quit,Drew Daywalt,4.8,8922,9,2013,Fiction,False,False,False,False,False,False,Exceptional (4.8+),Budget ($1–10),Stars,3.950462218905598,3,2013,2015
362,362,The Day the Crayons Quit,Drew Daywalt,4.8,8922,9,2014,Fiction,False,False,False,False,False,False,Exceptional (4.8+),Budget ($1–10),Stars,3.950462218905598,3,2013,2015
363,363,The Day the Crayons Quit,Drew Daywalt,4.8,8922,9,2015,Fiction,False,False,False,False,False,False,Exceptional (4.8+),Budget ($1–10),Stars,3.950462218905598,3,2013,2015
364,364,"The Dukan Diet: 2 Steps to Lose the Weight, 2 Steps to Keep It Off Forever",Pierre Dukan,4.1,2023,15,2011,Non Fiction,False,False,False,False,False,False,Solid (4.0–4.4),Mid-range ($11–20),Developing,3.3059958827708047,1,2011,2011
365,365,The Elegance of the Hedgehog,Muriel Barbery,4.0,1859,11,2009,Fiction,False,False,False,True,False,False,Solid (4.0–4.4),Mid-range ($11–20),Developing,3.2692793897718984,1,2009,2009
366,366,The Fault in Our Stars,John Green,4.7,50482,13,2012,Fiction,False,False,True,False,False,False,Strong (4.5–4.7),Mid-range ($11–20),Stars,4.703136552491182,3,2012,2014
367,367,The Fault in Our Stars,John Green,4.7,50482,13,2013,Fiction,False,False,True,False,False,False,Strong (4.5–4.7),Mid-range ($11–20),Stars,4.703136552491182,3,2012,2014
368,368,The Fault in Our Stars,John Green,4.7,50482,7,2014,Fiction,False,False,True,False,True,False,Strong (4.5–4.7),Budget ($1–10),Stars,4.703136552491182,3,2012,2014
369,369,The Fault in Our Stars,John Green,4.7,50482,13,2014,Fiction,False,False,True,False,True,False,Strong (4.5–4.7),Mid-range ($11–20),Stars,4.703136552491182,3,2012,2014
370,370,The Five Dysfunctions of a Team: A Leadership Fable,Patrick Lencioni,4.6,3207,6,2009,Non Fiction,False,False,False,False,False,False,Strong (4.5–4.7),Budget ($1–10),Developing,3.5060989599284405,5,2009,2013
371,371,The Five Dysfunctions of a Team: A Leadership Fable,Patrick Lencioni,4.6,3207,6,2010,Non Fiction,False,False,False,False,False,False,Strong (4.5–4.7),Budget ($1–10),Developing,3.5060989599284405,5,2009,2013
372,372,The Five Dysfunctions of a Team: A Leadership Fable,Patrick Lencioni,4.6,3207,6,2011,Non Fiction,False,False,False,False,False,False,Strong (4.5–4.7),Budget ($1–10),Developing,3.5060989599284405,5,2009,2013
373,373,The Five Dysfunctions of a Team: A Leadership Fable,Patrick Lencioni,4.6,3207,6,2012,Non Fiction,False,False,False,False,False,False,Strong (4.5–4.7),Budget ($1–10),Developing,3.5060989599284405,5,2009,2013
374,374,The Five Dysfunctions of a Team: A Leadership Fable,Patrick Lencioni,4.6,3207,6,2013,Non Fiction,False,False,False,False,False,False,Strong (4.5–4.7),Budget ($1–10),Developing,3.5060989599284405,5,2009,2013
375,375,The Five Love Languages: How to Express Heartfelt Commitment to Your Mate,Gary Chapman,4.6,803,9,2009,Non Fiction,False,False,False,False,False,False,Strong (4.5–4.7),Budget ($1–10),Developing,2.904715545278681,1,2009,2009
376,376,The Four Agreements: A Practical Guide to Personal Freedom (A Toltec Wisdom Book),Don Miguel Ruiz,4.7,23308,6,2013,Non Fiction,False,False,False,False,False,False,Strong (4.5–4.7),Budget ($1–10),Stars,4.367505009418112,6,2013,2019
377,377,The Four Agreements: A Practical Guide to Personal Freedom (A Toltec Wisdom Book),Don Miguel Ruiz,4.7,23308,6,2015,Non Fiction,False,False,False,False,False,False,Strong (4.5–4.7),Budget ($1–10),Stars,4.367505009418112,6,2013,2019
378,378,The Four Agreements: A Practical Guide to Personal Freedom (A Toltec Wisdom Book),Don Miguel Ruiz,4.7,23308,6,2016,Non Fiction,False,False,False,False,False,False,Strong (4.5–4.7),Budget ($1–10),Stars,4.367505009418112,6,2013,2019
379,379,The Four Agreements: A Practical Guide to Personal Freedom (A Toltec Wisdom Book),Don Miguel Ruiz,4.7,23308,6,2017,Non Fiction,False,False,False,False,False,False,Strong (4.5–4.7),Budget ($1–10),Stars,4.367505009418112,6,2013,2019
380,380,The Four Agreements: A Practical Guide to Personal Freedom (A Toltec Wisdom Book),Don Miguel Ruiz,4.7,23308,6,2018,Non Fiction,False,False,False,False,False,False,Strong (4.5–4.7),Budget ($1–10),Stars,4.367505009418112,6,2013,2019
381,381,The Four Agreements: A Practical Guide to Personal Freedom (A Toltec Wisdom Book),Don Miguel Ruiz,4.7,23308,6,2019,Non Fiction,False,False,False,False,False,False,Strong (4.5–4.7),Budget ($1–10),Stars,4.367505009418112,6,2013,2019
382,382,The Getaway,Jeff Kinney,4.8,5836,0,2017,Fiction,True,False,False,False,False,False,Exceptional (4.8+),Zero / verify,Loved niche,3.766115283221414,1,2017,2017
383,383,The Girl on the Train,Paula Hawkins,4.1,79446,18,2015,Fiction,False,False,True,False,False,False,Solid (4.0–4.4),Mid-range ($11–20),Popular but polarizing,4.900072035946681,2,2015,2016
384,384,The Girl on the Train,Paula Hawkins,4.1,79446,7,2016,Fiction,False,False,True,False,False,False,Solid (4.0–4.4),Budget ($1–10),Popular but polarizing,4.900072035946681,2,2015,2016
385,385,The Girl Who Kicked the Hornet's Nest (Millennium Trilogy),Stieg Larsson,4.7,7747,14,2010,Fiction,False,False,False,False,False,False,Strong (4.5–4.7),Mid-range ($11–20),Loved niche,3.889133555966724,2,2010,2011
386,386,The Girl Who Kicked the Hornet's Nest (Millennium Trilogy),Stieg Larsson,4.7,7747,14,2011,Fiction,False,False,False,False,False,False,Strong (4.5–4.7),Mid-range ($11–20),Loved niche,3.889133555966724,2,2010,2011
387,387,The Girl Who Played with Fire (Millennium Series),Stieg Larsson,4.7,7251,9,2010,Fiction,False,False,False,False,False,False,Strong (4.5–4.7),Budget ($1–10),Loved niche,3.860397905127313,1,2010,2010
388,388,The Girl Who Played with Fire (Millennium),Stieg Larsson,4.7,7251,16,2009,Fiction,False,False,False,False,False,False,Strong (4.5–4.7),Mid-range ($11–20),Loved niche,3.860397905127313,1,2009,2009
389,389,The Girl with the Dragon Tattoo (Millennium Series),Stieg Larsson,4.4,10559,2,2009,Fiction,False,False,False,False,False,False,Solid (4.0–4.4),Budget ($1–10),Popular but polarizing,4.023622789879007,2,2009,2010
390,390,The Girl with the Dragon Tattoo (Millennium Series),Stieg Larsson,4.4,10559,2,2010,Fiction,False,False,False,False,False,False,Solid (4.0–4.4),Budget ($1–10),Popular but polarizing,4.023622789879007,2,2009,2010
391,391,The Going-To-Bed Book,Sandra Boynton,4.8,5249,5,2016,Fiction,False,False,False,False,False,False,Exceptional (4.8+),Budget ($1–10),Loved niche,3.7200765727681406,2,2016,2017
392,392,The Going-To-Bed Book,Sandra Boynton,4.8,5249,5,2017,Fiction,False,False,False,False,False,False,Exceptional (4.8+),Budget ($1–10),Loved niche,3.7200765727681406,2,2016,2017
393,393,The Goldfinch: A Novel (Pulitzer Prize for Fiction),Donna Tartt,3.9,33844,20,2013,Fiction,False,False,False,True,False,False,Below 4.0,Mid-range ($11–20),Popular but polarizing,4.529481686378381,2,2013,2014
394,394,The Goldfinch: A Novel (Pulitzer Prize for Fiction),Donna Tartt,3.9,33844,20,2014,Fiction,False,False,False,True,False,False,Below 4.0,Mid-range ($11–20),Popular but polarizing,4.529481686378381,2,2013,2014
395,395,The Great Gatsby,F. Scott Fitzgerald,4.4,11616,7,2012,Fiction,False,False,False,False,False,False,Solid (4.0–4.4),Budget ($1–10),Popular but polarizing,4.065056603356019,3,2012,2014
396,396,The Great Gatsby,F. Scott Fitzgerald,4.4,11616,7,2013,Fiction,False,False,False,False,False,False,Solid (4.0–4.4),Budget ($1–10),Popular but polarizing,4.065056603356019,3,2012,2014
397,397,The Great Gatsby,F. Scott Fitzgerald,4.4,11616,7,2014,Fiction,False,False,False,False,False,False,Solid (4.0–4.4),Budget ($1–10),Popular but polarizing,4.065056603356019,3,2012,2014
398,398,The Guardians: A Novel,John Grisham,4.5,13609,14,2019,Fiction,False,False,False,False,False,False,Strong (4.5–4.7),Mid-range ($11–20),Popular but polarizing,4.133826214076394,1,2019,2019
399,399,The Guernsey Literary and Potato Peel Pie Society,Mary Ann Shaffer,4.7,8587,10,2009,Fiction,False,False,False,False,False,False,Strong (4.5–4.7),Budget ($1–10),Stars,3.9338414628987213,1,2009,2009
400,400,The Handmaid's Tale,Margaret Atwood,4.3,29442,7,2017,Fiction,False,False,False,False,False,False,Solid (4.0–4.4),Budget ($1–10),Popular but polarizing,4.468967308364559,1,2017,2017
401,401,The Harbinger: The Ancient Mystery that Holds the Secret of America's Future,Jonathan Cahn,4.6,11098,13,2012,Fiction,False,False,False,False,False,False,Strong (4.5–4.7),Mid-range ($11–20),Popular but polarizing,4.045244720478147,1,2012,2012
402,402,The Hate U Give,Angie Thomas,4.8,9947,11,2018,Fiction,False,False,False,False,False,False,Exceptional (4.8+),Mid-range ($11–20),Stars,3.9976921179417264,1,2018,2018
403,403,The Help,Kathryn Stockett,4.8,13871,6,2009,Fiction,False,False,False,False,False,False,Exceptional (4.8+),Budget ($1–10),Stars,4.142107771731307,3,2009,2011
404,404,The Help,Kathryn Stockett,4.8,13871,6,2010,Fiction,False,False,False,False,False,False,Exceptional (4.8+),Budget ($1–10),Stars,4.142107771731307,3,2009,2011
405,405,The Help,Kathryn Stockett,4.8,13871,8,2011,Fiction,False,False,False,False,True,False,Exceptional (4.8+),Budget ($1–10),Stars,4.142107771731307,3,2009,2011
406,406,The Help,Kathryn Stockett,4.8,13871,7,2011,Fiction,False,False,False,False,True,False,Exceptional (4.8+),Budget ($1–10),Stars,4.142107771731307,3,2009,2011
407,407,"The House of Hades (Heroes of Olympus, Book 4)",Rick Riordan,4.8,6982,14,2013,Fiction,False,False,False,False,False,False,Exceptional (4.8+),Mid-range ($11–20),Loved niche,3.84397984447816,1,2013,2013
408,408,The Hunger Games,Suzanne Collins,4.7,32122,14,2010,Fiction,False,False,False,False,False,False,Strong (4.5–4.7),Mid-range ($11–20),Stars,4.506802577762401,1,2010,2010
409,409,The Hunger Games (Book 1),Suzanne Collins,4.7,32122,8,2011,Fiction,False,False,False,False,False,False,Strong (4.5–4.7),Budget ($1–10),Stars,4.506802577762401,2,2011,2012
410,410,The Hunger Games (Book 1),Suzanne Collins,4.7,32122,8,2012,Fiction,False,False,False,False,False,False,Strong (4.5–4.7),Budget ($1–10),Stars,4.506802577762401,2,2011,2012
411,411,The Hunger Games Trilogy Boxed Set (1),Suzanne Collins,4.8,16949,30,2011,Fiction,False,True,False,False,False,False,Exceptional (4.8+),Premium ($21+),Stars,4.22914407968993,2,2011,2012
412,412,The Hunger Games Trilogy Boxed Set (1),Suzanne Collins,4.8,16949,30,2012,Fiction,False,True,False,False,False,False,Exceptional (4.8+),Premium ($21+),Stars,4.22914407968993,2,2011,2012
413,413,The Immortal Life of Henrietta Lacks,Rebecca Skloot,4.7,9289,13,2010,Non Fiction,False,False,False,False,False,False,Strong (4.5–4.7),Mid-range ($11–20),Stars,3.9679689628786923,3,2010,2012
414,414,The Immortal Life of Henrietta Lacks,Rebecca Skloot,4.7,9289,9,2011,Non Fiction,False,False,False,False,False,False,Strong (4.5–4.7),Budget ($1–10),Stars,3.9679689628786923,3,2010,2012
415,415,The Immortal Life of Henrietta Lacks,Rebecca Skloot,4.7,9289,9,2012,Non Fiction,False,False,False,False,False,False,Strong (4.5–4.7),Budget ($1–10),Stars,3.9679689628786923,3,2010,2012
416,416,The Instant Pot Electric Pressure Cooker Cookbook: Easy Recipes for Fast & Healthy Meals,Laurel Randolph,4.3,7368,7,2017,Non Fiction,False,False,False,False,False,False,Solid (4.0–4.4),Budget ($1–10),Developing,3.8673496171887924,2,2017,2018
417,417,The Instant Pot Electric Pressure Cooker Cookbook: Easy Recipes for Fast & Healthy Meals,Laurel Randolph,4.3,7368,7,2018,Non Fiction,False,False,False,False,False,False,Solid (4.0–4.4),Budget ($1–10),Developing,3.8673496171887924,2,2017,2018
418,418,The Last Lecture,Randy Pausch,4.7,4028,9,2009,Non Fiction,False,False,False,False,False,False,Strong (4.5–4.7),Budget ($1–10),Loved niche,3.6050894618815805,1,2009,2009
419,419,"The Last Olympian (Percy Jackson and the Olympians, Book 5)",Rick Riordan,4.8,4628,7,2009,Fiction,False,False,False,False,False,False,Exceptional (4.8+),Budget ($1–10),Loved niche,3.665393350279712,2,2009,2010
420,420,"The Last Olympian (Percy Jackson and the Olympians, Book 5)",Rick Riordan,4.8,4628,7,2010,Fiction,False,False,False,False,False,False,Exceptional (4.8+),Budget ($1–10),Loved niche,3.665393350279712,2,2009,2010
421,421,The Legend of Zelda: Hyrule Historia,Patrick Thorpe,4.9,5396,20,2013,Fiction,False,False,False,False,False,False,Exceptional (4.8+),Mid-range ($11–20),Loved niche,3.732071940999867,1,2013,2013
422,422,The Lego Ideas Book: Unlock Your Imagination,Daniel Lipkowitz,4.4,4247,13,2011,Non Fiction,False,False,False,False,False,False,Solid (4.0–4.4),Mid-range ($11–20),Developing,3.6280822609906793,2,2011,2012
423,423,The Lego Ideas Book: Unlock Your Imagination,Daniel Lipkowitz,4.4,4247,13,2012,Non Fiction,False,False,False,False,False,False,Solid (4.0–4.4),Mid-range ($11–20),Developing,3.6280822609906793,2,2011,2012
424,424,The Life-Changing Magic of Tidying Up: The Japanese Art of Decluttering and Organizing,Marie Kondō,4.5,22641,11,2015,Non Fiction,False,False,False,False,False,False,Strong (4.5–4.7),Mid-range ($11–20),Popular but polarizing,4.354895604711061,4,2015,2019
425,425,The Life-Changing Magic of Tidying Up: The Japanese Art of Decluttering and Organizing,Marie Kondō,4.5,22641,11,2016,Non Fiction,False,False,False,False,False,False,Strong (4.5–4.7),Mid-range ($11–20),Popular but polarizing,4.354895604711061,4,2015,2019
426,426,The Life-Changing Magic of Tidying Up: The Japanese Art of Decluttering and Organizing,Marie Kondō,4.5,22641,11,2017,Non Fiction,False,False,False,False,False,False,Strong (4.5–4.7),Mid-range ($11–20),Popular but polarizing,4.354895604711061,4,2015,2019
427,427,The Life-Changing Magic of Tidying Up: The Japanese Art of Decluttering and Organizing,Marie Kondō,4.5,22641,11,2019,Non Fiction,False,False,False,False,False,False,Strong (4.5–4.7),Mid-range ($11–20),Popular but polarizing,4.354895604711061,4,2015,2019
428,428,The Litigators,John Grisham,4.4,6222,18,2011,Fiction,False,False,False,False,False,False,Solid (4.0–4.4),Mid-range ($11–20),Developing,3.7939300067726847,1,2011,2011
429,429,"The Lost Hero (Heroes of Olympus, Book 1)",Rick Riordan,4.8,4506,14,2010,Fiction,False,False,False,False,False,False,Exceptional (4.8+),Mid-range ($11–20),Loved niche,3.653791187387812,1,2010,2010
430,430,The Lost Symbol,Dan Brown,4.2,8747,19,2009,Fiction,False,False,False,False,False,False,Solid (4.0–4.4),Mid-range ($11–20),Popular but polarizing,3.9418591265253737,1,2009,2009
431,431,The Love Dare,Stephen Kendrick,4.8,1655,13,2009,Non Fiction,False,False,False,False,False,False,Exceptional (4.8+),Mid-range ($11–20),Loved niche,3.2187979981117376,1,2009,2009
432,432,The Magnolia Story,Chip Gaines,4.9,7861,5,2016,Non Fiction,False,False,False,False,False,False,Exceptional (4.8+),Budget ($1–10),Loved niche,3.8954777962757148,1,2016,2016
433,433,"The Mark of Athena (Heroes of Olympus, Book 3)",Rick Riordan,4.8,6247,10,2012,Fiction,False,False,False,False,False,False,Exceptional (4.8+),Budget ($1–10),Loved niche,3.7956715059460215,1,2012,2012
434,434,The Martian,Andy Weir,4.7,39459,9,2015,Fiction,False,False,True,False,False,False,Strong (4.5–4.7),Budget ($1–10),Stars,4.5961460748344445,1,2015,2015
435,435,The Maze Runner (Book 1),James Dashner,4.5,10101,8,2014,Fiction,False,False,False,False,False,False,Strong (4.5–4.7),Budget ($1–10),Popular but polarizing,4.0043643711077515,1,2014,2014
436,436,The Meltdown (Diary of a Wimpy Kid Book 13),Jeff Kinney,4.8,5898,8,2018,Fiction,False,False,False,False,False,False,Exceptional (4.8+),Budget ($1–10),Loved niche,3.7707047682157793,1,2018,2018
437,437,The Mueller Report,The Washington Post,4.6,2744,12,2019,Non Fiction,False,False,False,False,False,False,Strong (4.5–4.7),Mid-range ($11–20),Developing,3.438384107034714,1,2019,2019
438,438,The Nightingale: A Novel,Kristin Hannah,4.8,49288,11,2015,Fiction,False,False,True,False,False,False,Exceptional (4.8+),Mid-range ($11–20),Stars,4.692741195785353,2,2015,2016
439,439,The Nightingale: A Novel,Kristin Hannah,4.8,49288,11,2016,Fiction,False,False,True,False,False,False,Exceptional (4.8+),Mid-range ($11–20),Stars,4.692741195785353,2,2015,2016
440,440,The Official SAT Study Guide,The College Board,4.4,1201,40,2010,Non Fiction,False,True,False,False,False,False,Solid (4.0–4.4),Premium ($21+),Developing,3.079543007402906,5,2010,2014
441,441,The Official SAT Study Guide,The College Board,4.4,1201,40,2011,Non Fiction,False,True,False,False,False,False,Solid (4.0–4.4),Premium ($21+),Developing,3.079543007402906,5,2010,2014
442,442,The Official SAT Study Guide,The College Board,4.4,1201,40,2012,Non Fiction,False,True,False,False,False,False,Solid (4.0–4.4),Premium ($21+),Developing,3.079543007402906,5,2010,2014
443,443,The Official SAT Study Guide,The College Board,4.4,1201,40,2013,Non Fiction,False,True,False,False,False,False,Solid (4.0–4.4),Premium ($21+),Developing,3.079543007402906,5,2010,2014
444,444,The Official SAT Study Guide,The College Board,4.4,1201,40,2014,Non Fiction,False,True,False,False,False,False,Solid (4.0–4.4),Premium ($21+),Developing,3.079543007402906,5,2010,2014
445,445,"The Official SAT Study Guide, 2016 Edition (Official Study Guide for the New Sat)",The College Board,4.3,807,36,2016,Non Fiction,False,True,False,False,False,False,Solid (4.0–4.4),Premium ($21+),Developing,2.90687353472207,1,2016,2016
446,446,The Paris Wife: A Novel,Paula McLain,4.3,3759,16,2011,Fiction,False,False,False,False,False,False,Solid (4.0–4.4),Mid-range ($11–20),Developing,3.5750723257138124,1,2011,2011
447,447,"The Pioneer Woman Cooks: A Year of Holidays: 140 Step-by-Step Recipes for Simple, Scrumptious Celebrations",Ree Drummond,4.8,2663,17,2013,Non Fiction,False,False,False,False,False,False,Exceptional (4.8+),Mid-range ($11–20),Loved niche,3.425371166438941,1,2013,2013
448,448,"The Pioneer Woman Cooks: Dinnertime - Comfort Classics, Freezer Food, 16-minute Meals, and Other Delicious Ways to Solve…",Ree Drummond,4.8,3428,14,2015,Non Fiction,False,False,False,False,False,True,Exceptional (4.8+),Mid-range ($11–20),Loved niche,3.5350408132511606,1,2015,2015
449,449,The Pioneer Woman Cooks: Food from My Frontier,Ree Drummond,4.8,2876,21,2012,Non Fiction,False,False,False,False,False,False,Exceptional (4.8+),Premium ($21+),Loved niche,3.458788881710845,1,2012,2012
450,450,"The Plant Paradox Cookbook: 100 Delicious Recipes to Help You Lose Weight, Heal Your Gut, and Live Lectin-Free",Dr. Steven R Gundry MD,4.5,3601,18,2018,Non Fiction,False,False,False,False,False,False,Strong (4.5–4.7),Mid-range ($11–20),Developing,3.556423121371285,1,2018,2018
451,451,"The Plant Paradox: The Hidden Dangers in ""Healthy"" Foods That Cause Disease and Weight Gain",Dr. Steven R Gundry MD,4.4,7058,17,2018,Non Fiction,False,False,False,False,False,False,Solid (4.0–4.4),Mid-range ($11–20),Developing,3.8486816540239506,1,2018,2018
452,452,The Pout-Pout Fish,Deborah Diesen,4.8,9784,5,2017,Fiction,False,False,False,False,False,False,Exceptional (4.8+),Budget ($1–10),Stars,3.9905164440282292,2,2017,2018
453,453,The Pout-Pout Fish,Deborah Diesen,4.8,9784,5,2018,Fiction,False,False,False,False,False,False,Exceptional (4.8+),Budget ($1–10),Stars,3.9905164440282292,2,2017,2018
454,454,The Power of Habit: Why We Do What We Do in Life and Business,Charles Duhigg,4.6,10795,21,2012,Non Fiction,False,False,False,False,False,False,Strong (4.5–4.7),Premium ($21+),Popular but polarizing,4.033222646670249,1,2012,2012
455,455,The President Is Missing: A Novel,James Patterson,4.3,10191,18,2018,Fiction,False,False,False,False,False,False,Solid (4.0–4.4),Mid-range ($11–20),Popular but polarizing,4.008216801589691,1,2018,2018
456,456,The Racketeer,John Grisham,4.3,14493,18,2012,Fiction,False,False,False,False,False,False,Solid (4.0–4.4),Mid-range ($11–20),Popular but polarizing,4.161158292206182,1,2012,2012
457,457,"The Red Pyramid (The Kane Chronicles, Book 1)",Rick Riordan,4.6,2186,12,2010,Fiction,False,False,False,False,False,False,Strong (4.5–4.7),Mid-range ($11–20),Developing,3.339650157613684,1,2010,2010
458,458,"The Road to Serfdom: Text and Documents--The Definitive Edition (The Collected Works of F. A. Hayek, Volume 2)",F. A. Hayek,4.6,1204,14,2010,Non Fiction,False,False,False,False,False,False,Strong (4.5–4.7),Mid-range ($11–20),Developing,3.0806264869218056,1,2010,2010
459,459,"The Serpent's Shadow (The Kane Chronicles, Book 3)",Rick Riordan,4.8,2091,12,2012,Fiction,False,False,False,False,False,False,Exceptional (4.8+),Mid-range ($11–20),Loved niche,3.3203540328176717,1,2012,2012
460,460,The Shack: Where Tragedy Confronts Eternity,William P. Young,4.6,19720,8,2009,Fiction,False,False,False,False,False,False,Strong (4.5–4.7),Budget ($1–10),Popular but polarizing,4.294906910605192,2,2009,2017
461,461,The Shack: Where Tragedy Confronts Eternity,William P. Young,4.6,19720,8,2017,Fiction,False,False,False,False,False,False,Strong (4.5–4.7),Budget ($1–10),Popular but polarizing,4.294906910605192,2,2009,2017
462,462,The Short Second Life of Bree Tanner: An Eclipse Novella (The Twilight Saga),Stephenie Meyer,4.6,2122,0,2010,Fiction,True,False,False,False,False,False,Strong (4.5–4.7),Zero / verify,Developing,3.3267453795653217,1,2010,2010
463,463,The Silent Patient,Alex Michaelides,4.5,27536,14,2019,Fiction,False,False,False,False,False,False,Strong (4.5–4.7),Mid-range ($11–20),Popular but polarizing,4.439900852983485,1,2019,2019
464,464,"The Son of Neptune (Heroes of Olympus, Book 2)",Rick Riordan,4.8,4290,10,2011,Fiction,False,False,False,False,False,False,Exceptional (4.8+),Budget ($1–10),Loved niche,3.6324572921847245,1,2011,2011
465,465,The Subtle Art of Not Giving a F*ck: A Counterintuitive Approach to Living a Good Life,Mark Manson,4.6,26490,15,2017,Non Fiction,False,False,False,False,False,False,Strong (4.5–4.7),Mid-range ($11–20),Popular but polarizing,4.423081958297231,3,2017,2019
466,466,The Subtle Art of Not Giving a F*ck: A Counterintuitive Approach to Living a Good Life,Mark Manson,4.6,26490,15,2018,Non Fiction,False,False,False,False,False,False,Strong (4.5–4.7),Mid-range ($11–20),Popular but polarizing,4.423081958297231,3,2017,2019
467,467,The Subtle Art of Not Giving a F*ck: A Counterintuitive Approach to Living a Good Life,Mark Manson,4.6,26490,15,2019,Non Fiction,False,False,False,False,False,False,Strong (4.5–4.7),Mid-range ($11–20),Popular but polarizing,4.423081958297231,3,2017,2019
468,468,The Sun and Her Flowers,Rupi Kaur,4.7,5487,9,2017,Non Fiction,False,False,False,False,False,False,Strong (4.5–4.7),Budget ($1–10),Loved niche,3.7393349601960795,1,2017,2017
469,469,"The Third Wheel (Diary of a Wimpy Kid, Book 7)",Jeff Kinney,4.7,6377,7,2012,Fiction,False,False,False,False,False,False,Strong (4.5–4.7),Budget ($1–10),Loved niche,3.804616416987255,1,2012,2012
470,470,"The Throne of Fire (The Kane Chronicles, Book 2)",Rick Riordan,4.7,1463,10,2011,Fiction,False,False,False,False,False,False,Strong (4.5–4.7),Budget ($1–10),Loved niche,3.1652443261253107,1,2011,2011
471,471,The Time Traveler's Wife,Audrey Niffenegger,4.4,3759,6,2009,Fiction,False,False,False,False,False,False,Solid (4.0–4.4),Budget ($1–10),Developing,3.5750723257138124,1,2009,2009
472,472,The Tipping Point: How Little Things Can Make a Big Difference,Malcolm Gladwell,4.4,3503,9,2009,Non Fiction,False,False,False,False,False,False,Solid (4.0–4.4),Budget ($1–10),Developing,3.5444401373176926,1,2009,2009
473,473,The Total Money Makeover: Classic Edition: A Proven Plan for Financial Fitness,Dave Ramsey,4.7,11550,10,2019,Non Fiction,False,False,False,False,False,False,Strong (4.5–4.7),Budget ($1–10),Stars,4.062581984228163,1,2019,2019
474,474,The Twilight Saga Collection,Stephenie Meyer,4.7,3801,82,2009,Fiction,False,True,False,False,False,False,Strong (4.5–4.7),Premium ($21+),Loved niche,3.5798978696031036,1,2009,2009
475,475,"The Ugly Truth (Diary of a Wimpy Kid, Book 5)",Jeff Kinney,4.8,3796,12,2010,Fiction,False,False,False,False,False,False,Exceptional (4.8+),Mid-range ($11–20),Loved niche,3.579326203755255,1,2010,2010
476,476,The Unofficial Harry Potter Cookbook: From Cauldron Cakes to Knickerbocker Glory--More Than 150 Magical Recipes for…,Dinah Bucholz,4.7,9030,10,2019,Non Fiction,False,False,False,False,False,True,Strong (4.5–4.7),Budget ($1–10),Stars,3.9556877503135057,1,2019,2019
477,477,The Very Hungry Caterpillar,Eric Carle,4.9,19546,5,2013,Fiction,False,False,False,False,False,False,Exceptional (4.8+),Budget ($1–10),Stars,4.291057894434276,7,2013,2019
478,478,The Very Hungry Caterpillar,Eric Carle,4.9,19546,5,2014,Fiction,False,False,False,False,False,False,Exceptional (4.8+),Budget ($1–10),Stars,4.291057894434276,7,2013,2019
479,479,The Very Hungry Caterpillar,Eric Carle,4.9,19546,5,2015,Fiction,False,False,False,False,False,False,Exceptional (4.8+),Budget ($1–10),Stars,4.291057894434276,7,2013,2019
480,480,The Very Hungry Caterpillar,Eric Carle,4.9,19546,5,2016,Fiction,False,False,False,False,False,False,Exceptional (4.8+),Budget ($1–10),Stars,4.291057894434276,7,2013,2019
481,481,The Very Hungry Caterpillar,Eric Carle,4.9,19546,5,2017,Fiction,False,False,False,False,False,False,Exceptional (4.8+),Budget ($1–10),Stars,4.291057894434276,7,2013,2019
482,482,The Very Hungry Caterpillar,Eric Carle,4.9,19546,5,2018,Fiction,False,False,False,False,False,False,Exceptional (4.8+),Budget ($1–10),Stars,4.291057894434276,7,2013,2019
483,483,The Very Hungry Caterpillar,Eric Carle,4.9,19546,5,2019,Fiction,False,False,False,False,False,False,Exceptional (4.8+),Budget ($1–10),Stars,4.291057894434276,7,2013,2019
484,484,The Whole30: The 30-Day Guide to Total Health and Food Freedom,Melissa Hartwig Urban,4.6,7508,16,2015,Non Fiction,False,False,False,False,False,False,Strong (4.5–4.7),Mid-range ($11–20),Developing,3.8755242639493086,3,2015,2017
485,485,The Whole30: The 30-Day Guide to Total Health and Food Freedom,Melissa Hartwig Urban,4.6,7508,16,2016,Non Fiction,False,False,False,False,False,False,Strong (4.5–4.7),Mid-range ($11–20),Developing,3.8755242639493086,3,2015,2017
486,486,The Whole30: The 30-Day Guide to Total Health and Food Freedom,Melissa Hartwig Urban,4.6,7508,16,2017,Non Fiction,False,False,False,False,False,False,Strong (4.5–4.7),Mid-range ($11–20),Developing,3.8755242639493086,3,2015,2017
487,487,The Wonderful Things You Will Be,Emily Winfield Martin,4.9,8842,10,2016,Fiction,False,False,False,False,False,False,Exceptional (4.8+),Budget ($1–10),Stars,3.946550510569855,4,2016,2019
488,488,The Wonderful Things You Will Be,Emily Winfield Martin,4.9,8842,10,2017,Fiction,False,False,False,False,False,False,Exceptional (4.8+),Budget ($1–10),Stars,3.946550510569855,4,2016,2019
489,489,The Wonderful Things You Will Be,Emily Winfield Martin,4.9,8842,10,2018,Fiction,False,False,False,False,False,False,Exceptional (4.8+),Budget ($1–10),Stars,3.946550510569855,4,2016,2019
490,490,The Wonderful Things You Will Be,Emily Winfield Martin,4.9,8842,10,2019,Fiction,False,False,False,False,False,False,Exceptional (4.8+),Budget ($1–10),Stars,3.946550510569855,4,2016,2019
491,491,The Wonky Donkey,Craig Smith,4.8,30183,4,2018,Fiction,False,False,False,False,False,False,Exceptional (4.8+),Budget ($1–10),Stars,4.479762403719702,2,2018,2019
492,492,The Wonky Donkey,Craig Smith,4.8,30183,4,2019,Fiction,False,False,False,False,False,False,Exceptional (4.8+),Budget ($1–10),Stars,4.479762403719702,2,2018,2019
493,493,The Wright Brothers,David McCullough,4.7,6169,16,2015,Non Fiction,False,False,False,False,False,False,Strong (4.5–4.7),Mid-range ($11–20),Loved niche,3.7902147702439795,1,2015,2015
494,494,"Things That Matter: Three Decades of Passions, Pastimes and Politics [Deckled Edge]",Charles Krauthammer,4.7,7034,15,2013,Non Fiction,False,False,False,False,False,False,Strong (4.5–4.7),Mid-range ($11–20),Loved niche,3.847202363980924,1,2013,2013
495,495,"Thinking, Fast and Slow",Daniel Kahneman,4.6,11034,19,2011,Non Fiction,False,False,False,False,False,False,Strong (4.5–4.7),Mid-range ($11–20),Popular but polarizing,4.0427329796217215,2,2011,2012
496,496,"Thinking, Fast and Slow",Daniel Kahneman,4.6,11034,19,2012,Non Fiction,False,False,False,False,False,False,Strong (4.5–4.7),Mid-range ($11–20),Popular but polarizing,4.0427329796217215,2,2011,2012
497,497,Thirteen Reasons Why,Jay Asher,4.5,7932,9,2017,Fiction,False,False,False,False,False,False,Strong (4.5–4.7),Budget ($1–10),Developing,3.8993827055332653,1,2017,2017
498,498,Thomas Jefferson: The Art of Power,Jon Meacham,4.5,1904,23,2012,Non Fiction,False,False,False,False,False,False,Strong (4.5–4.7),Premium ($21+),Developing,3.2796669440484556,1,2012,2012
499,499,Three Cups of Tea: One Man's Mission to Promote Peace - One School at a Time,Greg Mortenson,4.3,3319,11,2009,Non Fiction,False,False,False,False,False,False,Solid (4.0–4.4),Mid-range ($11–20),Developing,3.521007252408604,2,2009,2010
500,500,Three Cups of Tea: One Man's Mission to Promote Peace - One School at a Time,Greg Mortenson,4.3,3319,11,2010,Non Fiction,False,False,False,False,False,False,Solid (4.0–4.4),Mid-range ($11–20),Developing,3.521007252408604,2,2009,2010
501,501,Thug Kitchen: The Official Cookbook: Eat Like You Give a F*ck (Thug Kitchen Cookbooks),Thug Kitchen,4.6,11128,23,2014,Non Fiction,False,False,False,False,False,False,Strong (4.5–4.7),Premium ($21+),Popular but polarizing,4.04641711698399,4,2014,2017
502,502,Thug Kitchen: The Official Cookbook: Eat Like You Give a F*ck (Thug Kitchen Cookbooks),Thug Kitchen,4.6,11128,23,2015,Non Fiction,False,False,False,False,False,False,Strong (4.5–4.7),Premium ($21+),Popular but polarizing,4.04641711698399,4,2014,2017
503,503,Thug Kitchen: The Official Cookbook: Eat Like You Give a F*ck (Thug Kitchen Cookbooks),Thug Kitchen,4.6,11128,23,2016,Non Fiction,False,False,False,False,False,False,Strong (4.5–4.7),Premium ($21+),Popular but polarizing,4.04641711698399,4,2014,2017
504,504,Thug Kitchen: The Official Cookbook: Eat Like You Give a F*ck (Thug Kitchen Cookbooks),Thug Kitchen,4.6,11128,23,2017,Non Fiction,False,False,False,False,False,False,Strong (4.5–4.7),Premium ($21+),Popular but polarizing,4.04641711698399,4,2014,2017
505,505,Tina Fey: Bossypants,Tina Fey,4.3,5977,12,2011,Non Fiction,False,False,False,False,False,False,Solid (4.0–4.4),Mid-range ($11–20),Developing,3.7764832558336816,1,2011,2011
506,506,To Kill a Mockingbird,Harper Lee,4.8,26234,0,2013,Fiction,True,False,False,False,False,False,Exceptional (4.8+),Zero / verify,Stars,4.418864514207728,5,2013,2019
507,507,To Kill a Mockingbird,Harper Lee,4.8,26234,0,2014,Fiction,True,False,False,False,False,False,Exceptional (4.8+),Zero / verify,Stars,4.418864514207728,5,2013,2019
508,508,To Kill a Mockingbird,Harper Lee,4.8,26234,0,2015,Fiction,True,False,False,False,False,False,Exceptional (4.8+),Zero / verify,Stars,4.418864514207728,5,2013,2019
509,509,To Kill a Mockingbird,Harper Lee,4.8,26234,0,2016,Fiction,True,False,False,False,False,False,Exceptional (4.8+),Zero / verify,Stars,4.418864514207728,5,2013,2019
510,510,To Kill a Mockingbird,Harper Lee,4.8,26234,7,2019,Fiction,False,False,False,False,False,False,Exceptional (4.8+),Budget ($1–10),Stars,4.418864514207728,5,2013,2019
511,511,"Tools of Titans: The Tactics, Routines, and Habits of Billionaires, Icons, and World-Class Performers",Timothy Ferriss,4.6,4360,21,2017,Non Fiction,False,False,False,False,False,False,Strong (4.5–4.7),Premium ($21+),Developing,3.639486489268586,1,2017,2017
512,512,"Towers of Midnight (Wheel of Time, Book Thirteen)",Robert Jordan,4.8,2282,21,2010,Fiction,False,False,False,False,False,False,Exceptional (4.8+),Premium ($21+),Loved niche,3.358315640082196,1,2010,2010
513,513,True Compass: A Memoir,Edward M. Kennedy,4.5,438,15,2009,Non Fiction,False,False,False,False,False,False,Strong (4.5–4.7),Mid-range ($11–20),Developing,2.6414741105040997,1,2009,2009
514,514,"Twilight (The Twilight Saga, Book 1)",Stephenie Meyer,4.7,11676,9,2009,Fiction,False,False,False,False,False,False,Strong (4.5–4.7),Budget ($1–10),Stars,4.067294086315977,1,2009,2009
515,515,Ultimate Sticker Book: Frozen: More Than 60 Reusable Full-Color Stickers,DK,4.5,2586,5,2014,Fiction,False,False,False,False,False,False,Strong (4.5–4.7),Budget ($1–10),Developing,3.4126285205443754,1,2014,2014
516,516,"Unbroken: A World War II Story of Survival, Resilience, and Redemption",Laura Hillenbrand,4.8,29673,16,2010,Non Fiction,False,False,False,False,False,False,Exceptional (4.8+),Mid-range ($11–20),Stars,4.472361456582478,4,2010,2014
517,517,"Unbroken: A World War II Story of Survival, Resilience, and Redemption",Laura Hillenbrand,4.8,29673,16,2011,Non Fiction,False,False,False,False,False,False,Exceptional (4.8+),Mid-range ($11–20),Stars,4.472361456582478,4,2010,2014
518,518,"Unbroken: A World War II Story of Survival, Resilience, and Redemption",Laura Hillenbrand,4.8,29673,16,2012,Non Fiction,False,False,False,False,False,False,Exceptional (4.8+),Mid-range ($11–20),Stars,4.472361456582478,4,2010,2014
519,519,"Unbroken: A World War II Story of Survival, Resilience, and Redemption",Laura Hillenbrand,4.8,29673,13,2014,Non Fiction,False,False,False,False,True,False,Exceptional (4.8+),Mid-range ($11–20),Stars,4.472361456582478,4,2010,2014
520,520,"Unbroken: A World War II Story of Survival, Resilience, and Redemption",Laura Hillenbrand,4.8,29673,16,2014,Non Fiction,False,False,False,False,True,False,Exceptional (4.8+),Mid-range ($11–20),Stars,4.472361456582478,4,2010,2014
521,521,Under the Dome: A Novel,Stephen King,4.3,6740,20,2009,Fiction,False,False,False,False,False,False,Solid (4.0–4.4),Mid-range ($11–20),Developing,3.82865989653532,1,2009,2009
522,522,Unfreedom of the Press,Mark R. Levin,4.9,5956,11,2019,Non Fiction,False,False,False,False,False,False,Exceptional (4.8+),Mid-range ($11–20),Loved niche,3.7749546890801384,1,2019,2019
523,523,Unicorn Coloring Book: For Kids Ages 4-8 (US Edition) (Silly Bear Coloring Books),Silly Bear,4.8,6108,4,2019,Non Fiction,False,False,False,False,False,False,Exceptional (4.8+),Budget ($1–10),Loved niche,3.7858990283843834,1,2019,2019
524,524,"Uninvited: Living Loved When You Feel Less Than, Left Out, and Lonely",Lysa TerKeurst,4.7,4585,9,2016,Non Fiction,False,False,False,False,False,False,Strong (4.5–4.7),Budget ($1–10),Loved niche,3.66133934000604,1,2016,2016
525,525,Watchmen,Alan Moore,4.8,3829,42,2009,Fiction,False,True,False,False,False,False,Exceptional (4.8+),Premium ($21+),Loved niche,3.583085366347688,1,2009,2009
526,526,Water for Elephants: A Novel,Sara Gruen,4.5,8958,12,2011,Fiction,False,False,False,False,False,False,Strong (4.5–4.7),Mid-range ($11–20),Popular but polarizing,3.952211058108669,1,2011,2011
527,527,What Happened,Hillary Rodham Clinton,4.6,5492,18,2017,Non Fiction,False,False,False,False,False,False,Strong (4.5–4.7),Mid-range ($11–20),Developing,3.7397305285647175,1,2017,2017
528,528,What If?: Serious Scientific Answers to Absurd Hypothetical Questions,Randall Munroe,4.7,9292,17,2014,Non Fiction,False,False,False,False,False,False,Strong (4.5–4.7),Mid-range ($11–20),Stars,3.9681092011281978,1,2014,2014
529,529,What Pet Should I Get? (Classic Seuss),Dr. Seuss,4.7,1873,14,2015,Fiction,False,False,False,False,False,False,Strong (4.5–4.7),Mid-range ($11–20),Loved niche,3.2725377773752373,1,2015,2015
530,530,What Should Danny Do? (The Power to Choose Series),Adir Levy,4.8,8170,13,2019,Fiction,False,False,False,False,False,False,Exceptional (4.8+),Mid-range ($11–20),Loved niche,3.9122220565324155,1,2019,2019
531,531,What to Expect When You're Expecting,Heidi Murkoff,4.4,3341,9,2011,Non Fiction,False,False,False,False,False,False,Solid (4.0–4.4),Budget ($1–10),Developing,3.523876475638131,1,2011,2011
532,532,"Wheat Belly: Lose the Wheat, Lose the Weight, and Find Your Path Back to Health",William Davis,4.4,7497,6,2012,Non Fiction,False,False,False,False,False,False,Solid (4.0–4.4),Budget ($1–10),Developing,3.8748875108461123,2,2012,2013
533,533,"Wheat Belly: Lose the Wheat, Lose the Weight, and Find Your Path Back to Health",William Davis,4.4,7497,6,2013,Non Fiction,False,False,False,False,False,False,Solid (4.0–4.4),Budget ($1–10),Developing,3.8748875108461123,2,2012,2013
534,534,When Breath Becomes Air,Paul Kalanithi,4.8,13779,14,2016,Non Fiction,False,False,False,False,False,False,Exceptional (4.8+),Mid-range ($11–20),Stars,4.139217700137586,1,2016,2016
535,535,Where the Crawdads Sing,Delia Owens,4.8,87841,15,2019,Fiction,False,False,True,False,False,False,Exceptional (4.8+),Mid-range ($11–20),Stars,4.9436972712318115,1,2019,2019
536,536,Where the Wild Things Are,Maurice Sendak,4.8,9967,13,2009,Fiction,False,False,False,False,False,False,Exceptional (4.8+),Mid-range ($11–20),Stars,3.9985644582609416,1,2009,2009
537,537,Whose Boat Is This Boat?: Comments That Don't Help in the Aftermath of a Hurricane,The Staff of The Late Show with…,4.6,6669,12,2018,Non Fiction,False,False,False,False,False,True,Strong (4.5–4.7),Mid-range ($11–20),Developing,3.824060717418653,1,2018,2018
538,538,Wild: From Lost to Found on the Pacific Crest Trail,Cheryl Strayed,4.4,17044,18,2012,Non Fiction,False,False,False,False,False,False,Solid (4.0–4.4),Mid-range ($11–20),Popular but polarizing,4.231571525528415,1,2012,2012
539,539,Winter of the World: Book Two of the Century Trilogy,Ken Follett,4.5,10760,15,2012,Fiction,False,False,False,False,False,False,Strong (4.5–4.7),Mid-range ($11–20),Popular but polarizing,4.03181227133037,1,2012,2012
540,540,Women Food and God: An Unexpected Path to Almost Everything,Geneen Roth,4.2,1302,11,2010,Non Fiction,False,False,False,False,False,False,Solid (4.0–4.4),Mid-range ($11–20),Developing,3.114610984232173,1,2010,2010
541,541,Wonder,R. J. Palacio,4.8,21625,9,2013,Fiction,False,False,False,False,False,False,Exceptional (4.8+),Budget ($1–10),Stars,4.334956116136852,5,2013,2017
542,542,Wonder,R. J. Palacio,4.8,21625,9,2014,Fiction,False,False,False,False,False,False,Exceptional (4.8+),Budget ($1–10),Stars,4.334956116136852,5,2013,2017
543,543,Wonder,R. J. Palacio,4.8,21625,9,2015,Fiction,False,False,False,False,False,False,Exceptional (4.8+),Budget ($1–10),Stars,4.334956116136852,5,2013,2017
544,544,Wonder,R. J. Palacio,4.8,21625,9,2016,Fiction,False,False,False,False,False,False,Exceptional (4.8+),Budget ($1–10),Stars,4.334956116136852,5,2013,2017
545,545,Wonder,R. J. Palacio,4.8,21625,9,2017,Fiction,False,False,False,False,False,False,Exceptional (4.8+),Budget ($1–10),Stars,4.334956116136852,5,2013,2017
546,546,Wrecking Ball (Diary of a Wimpy Kid Book 14),Jeff Kinney,4.9,9413,8,2019,Fiction,False,False,False,False,False,False,Exceptional (4.8+),Budget ($1–10),Stars,3.9737280586880273,1,2019,2019
547,547,You Are a Badass: How to Stop Doubting Your Greatness and Start Living an Awesome Life,Jen Sincero,4.7,14331,8,2016,Non Fiction,False,False,False,False,False,False,Strong (4.5–4.7),Budget ($1–10),Stars,4.1562764960030165,4,2016,2019
548,548,You Are a Badass: How to Stop Doubting Your Greatness and Start Living an Awesome Life,Jen Sincero,4.7,14331,8,2017,Non Fiction,False,False,False,False,False,False,Strong (4.5–4.7),Budget ($1–10),Stars,4.1562764960030165,4,2016,2019
549,549,You Are a Badass: How to Stop Doubting Your Greatness and Start Living an Awesome Life,Jen Sincero,4.7,14331,8,2018,Non Fiction,False,False,False,False,False,False,Strong (4.5–4.7),Budget ($1–10),Stars,4.1562764960030165,4,2016,2019
550,550,You Are a Badass: How to Stop Doubting Your Greatness and Start Living an Awesome Life,Jen Sincero,4.7,14331,8,2019,Non Fiction,False,False,False,False,False,False,Strong (4.5–4.7),Budget ($1–10),Stars,4.1562764960030165,4,2016,2019
